step,ss_mse,ss_mse_db,family
16000,0.6477987260096206,-1.8855991042757316,regime_switch
16000,12.94830822637721,11.122130289620758,gaussian
16000,1.4758689161685816,1.6904778600172206,impulsive
16000,0.3030250815659552,-5.185214231963337,regime_switch
16000,2.305966362249831,3.6285296783491723,colored
16000,0.8132164613359286,-0.8979383884433383,alpha_stable
16000,3.0969407260084916,4.909328932439857,regime_switch
16000,6.933844714154499,8.40974111254536,regime_switch
32000,0.5037679154402739,-2.977694958107655,regime_switch
32000,0.6591856795309652,-1.8099223603151233,alpha_stable
32000,1.089733448895747,0.373202815829093,chirp_interferer
32000,0.5104064010895671,-2.9208388769426197,regime_switch
32000,0.46106340228604364,-3.3623934929563233,time_varying
32000,1.0338267264203873,0.14447755329539017,colored
32000,0.9386269765920917,-0.27506968110781743,time_varying
32000,0.5271216021402871,-2.7808918545736545,time_varying
48000,0.9168218148946767,-0.37715061633119173,impulsive
48000,0.32524273293525036,-4.877923983203943,time_varying
48000,0.5439494604320855,-2.6444144970377814,time_varying
48000,1.0721056941490312,0.30237602636039707,time_varying
48000,0.5814466611328761,-2.354901190055303,time_varying
48000,0.8300508508320897,-0.8089530092545434,impulsive
48000,0.6216705771807115,-2.064396867093841,impulsive
48000,0.787787284587438,-1.0359103327255177,gaussian
64000,0.8153028205104281,-0.8868105524688743,impulsive
64000,0.6896573083454919,-1.6136665718256984,chirp_interferer
64000,0.6100900398833091,-2.146060650888988,impulsive
64000,0.785487651371144,-1.0486063810089146,impulsive
64000,1.1064666018598768,0.43938309500120615,time_varying
64000,0.946403094602832,-0.23923848296471553,regime_switch
64000,0.5005303402877285,-3.0056959206956324,regime_switch
64000,0.6260440268688531,-2.0339512373161037,regime_switch
80000,0.22743140364646566,-6.43149568279912,gaussian
80000,0.5429563739562218,-2.6523506416952203,time_varying
80000,0.7297229262753453,-1.3684200896331702,time_varying
80000,0.583236858012817,-2.341550383145494,time_varying
80000,0.43543685126023296,-3.6107481915767323,chirp_interferer
80000,0.7530574526457894,-1.2317188911716679,regime_switch
80000,0.8132420628192236,-0.8978016670605383,chirp_interferer
80000,0.9647123939024664,-0.15602141949136822,burst
96000,0.8392718572242727,-0.7609733956613646,gaussian
96000,0.6702552963935967,-1.7375974551239475,burst
96000,0.46029564835387443,-3.3696313091614694,gaussian
96000,1.2679095943105048,1.0308828817395868,burst
96000,1.0303652463032054,0.12991201730748753,alpha_stable
96000,0.6851127669387951,-1.6423793941414153,regime_switch
96000,0.7384408022036328,-1.3168431457863332,regime_switch
96000,0.543970445518905,-2.644246953317711,colored
112000,0.7463820520437384,-1.2703881244436572,impulsive
112000,1.2919659598229518,1.112510712013461,alpha_stable
112000,0.49227458525521905,-3.077925850436067,regime_switch
112000,0.40275959668246647,-3.9495410271006017,impulsive
112000,0.7741752917149975,-1.1116069357329694,chirp_interferer
112000,0.4239061126809935,-3.7273032090543072,regime_switch
112000,0.5352058034150445,-2.714791860139636,chirp_interferer
112000,0.5649906925053398,-2.479587065636265,chirp_interferer
128000,0.3478018065569037,-4.586681665078574,impulsive
128000,0.7637404158441234,-1.1705422666322642,impulsive
128000,0.4226845800317617,-3.739835953903671,impulsive
128000,0.43705526485765805,-3.5946364379470754,regime_switch
128000,0.2444239433362834,-6.118562536261423,regime_switch
128000,0.6575827611865964,-1.8204958053375173,colored
128000,0.4693589996693599,-3.2849485038850705,alpha_stable
128000,0.38906151901589875,-4.09981721920658,burst
144000,0.6446484031729007,-1.9067708876763956,time_varying
144000,0.3168457168473625,-4.991521593346833,time_varying
144000,1.3667758302596809,1.3569729023411026,regime_switch
144000,0.7533723441163483,-1.2299032655069644,colored
144000,0.4483972364121537,-3.483370727367795,regime_switch
144000,1.4333990941936001,1.5636712569065065,chirp_interferer
144000,0.3782267387081549,-4.222477719918833,burst
144000,0.14056454256737683,-8.521242163640556,gaussian
160000,0.7805806275511233,-1.0758223124028659,chirp_interferer
160000,0.750929741821528,-1.2440069437552568,impulsive
160000,0.2874842780733349,-5.413859009996065,chirp_interferer
160000,0.22619522476754872,-6.455165677507918,alpha_stable
160000,0.25349907863468873,-5.960236148086073,chirp_interferer
160000,0.5852045842020916,-2.3269228048536528,burst
160000,0.576462216869177,-2.3922915244999,alpha_stable
160000,0.3895256498284696,-4.09463939242693,time_varying
176000,1.0473713818728712,0.2010070316861973,chirp_interferer
176000,0.4738285734561734,-3.243787534051265,regime_switch
176000,0.6501965831890043,-1.869553170693997,burst
176000,0.7014528249076916,-1.5400153143642386,regime_switch
176000,1.2525990569113656,0.9781208038308421,chirp_interferer
176000,0.5219495928743366,-2.8237143683133965,regime_switch
176000,0.7029348827765943,-1.5308490451105163,alpha_stable
176000,0.5540200406620359,-2.5647452517779628,time_varying
192000,0.35718359737427746,-4.471084930448796,regime_switch
192000,0.6882921339653744,-1.622271936810751,alpha_stable
192000,0.6832343794253943,-1.654302886605047,burst
192000,0.5013935667003611,-2.99821242703338,regime_switch
192000,0.5632961518794672,-2.492632156078716,burst
192000,0.4057414271405723,-3.9175064755704025,regime_switch
192000,1.0843038465192312,0.3515099841677918,gaussian
192000,0.3511609866227735,-4.544937394492096,burst
208000,1.6963955850191759,2.295271335095121,gaussian
208000,0.5824856642476415,-2.3471475873854883,colored
208000,0.37431018983294184,-4.267683499403049,burst
208000,0.3839603943332378,-4.157135709688818,impulsive
208000,1.1913917052409069,0.7605457210980527,burst
208000,0.6119286536857909,-2.1329921039755746,regime_switch
208000,0.6624946644672811,-1.7881761505351603,impulsive
208000,0.49008523114545915,-3.0972838487410814,regime_switch
224000,0.6457378182351602,-1.8994377798889563,colored
224000,0.9418783761315948,-0.2600517362397037,impulsive
224000,1.0924078272305522,0.3838480325027848,gaussian
224000,0.42887168584273144,-3.676726249843645,gaussian
224000,0.6289670866954257,-2.0137208021469144,colored
224000,1.085572285369817,0.35658747267594326,chirp_interferer
224000,0.5746217883693914,-2.406179105584315,chirp_interferer
224000,0.6256738669072885,-2.0365198421784974,colored
240000,0.5576639146574288,-2.5362745694604416,alpha_stable
240000,0.5047668816553313,-2.9690914739653147,chirp_interferer
240000,0.7860557555309479,-1.0454664803047737,alpha_stable
240000,0.5459865107678662,-2.628180869125045,chirp_interferer
240000,0.6818679518810459,-1.662997211228423,colored
240000,0.42985317408499907,-3.6667986203275134,chirp_interferer
240000,0.2531302736734683,-5.966559113272312,chirp_interferer
240000,0.4659936837454492,-3.3161996986075937,alpha_stable
256000,0.41100178259466114,-3.861562944991614,regime_switch
256000,0.3187198322876459,-4.965909117834247,regime_switch
256000,0.5935898256010033,-2.2651355166901515,alpha_stable
256000,0.5315409816831782,-2.7446324584780646,regime_switch
256000,0.5544829551333708,-2.5611179956867702,alpha_stable
256000,0.5255163329722895,-2.7941378161491714,alpha_stable
256000,0.43746667077912865,-3.590550289220182,impulsive
256000,0.24235465626173436,-6.155486319355031,regime_switch
272000,0.27260080930056596,-5.6447285915914955,alpha_stable
272000,0.3321073559948201,-4.787215049104578,impulsive
272000,0.373200749902333,-4.280574922606066,regime_switch
272000,0.3259962482887785,-4.8678739795789685,chirp_interferer
272000,0.24983031878734174,-6.023548578615305,burst
272000,0.7411188009439185,-1.301121692685678,time_varying
272000,0.6556937850644047,-1.8329893273518016,time_varying
272000,0.2655879933444983,-5.757915623675021,burst
288000,0.22261121030308897,-6.524529691539705,alpha_stable
288000,0.6091912068068165,-2.152463739873483,time_varying
288000,0.6494657262849908,-1.8744376264732816,impulsive
288000,0.5217890869494609,-2.8250500826906277,regime_switch
288000,0.5382165476982766,-2.6904295379633387,time_varying
288000,0.34405860898075075,-4.633675708317073,gaussian
288000,0.6556263204293616,-1.833436197930936,time_varying
288000,0.6152729751979753,-2.109321601268476,regime_switch
304000,0.44157049717040164,-3.549999510027899,time_varying
304000,0.2858386378852414,-5.4387906635466,burst
304000,0.5354534773982325,-2.712782566463196,colored
304000,0.2955374065624279,-5.2938754207228484,colored
304000,0.5795881887007478,-2.368804735009355,time_varying
304000,0.20154616341123616,-6.956254645650301,time_varying
304000,0.5428216511769364,-2.6534283824226272,alpha_stable
304000,0.3155278478354334,-5.0096230479392805,regime_switch
320000,0.8180921319984539,-0.8719778414551904,alpha_stable
320000,0.4275142804254326,-3.6904937378536333,gaussian
320000,0.5329994845411831,-2.7327321097454176,burst
320000,0.5429891788800288,-2.6520882528976273,alpha_stable
320000,0.24239864733744093,-6.154698080003475,alpha_stable
320000,0.4706369783985165,-3.2731395288473757,colored
320000,0.2215588704488816,-6.545108576372601,gaussian
320000,0.24480353470546634,-6.111823157240631,impulsive
336000,0.5066748826101318,-2.9527062445170187,regime_switch
336000,0.4232085511975229,-3.734455656873965,time_varying
336000,0.456268578509944,-3.4077943841379494,alpha_stable
336000,0.25402124873120235,-5.951299533754753,burst
336000,0.20054701275619266,-6.977838026563036,impulsive
336000,0.3410145826155871,-4.67227049117464,gaussian
336000,0.43295849374392154,-3.6355373598280094,time_varying
336000,0.5274573837530296,-2.7781262370444395,chirp_interferer
352000,0.2363275889220973,-6.26485575796062,time_varying
352000,0.5276077441105084,-2.776888385991127,gaussian
352000,0.3714126925288066,-4.301432589121575,regime_switch
352000,0.500964240875845,-3.001932732228154,time_varying
352000,0.26283926269404767,-5.8030975974328385,time_varying
352000,0.2006397918577208,-6.975829313809561,alpha_stable
352000,0.3706300719136771,-4.310593461159851,burst
352000,0.36520881296577784,-4.374587509168732,alpha_stable
368000,0.4298037712652581,-3.667297781583491,colored
368000,0.33911894540875154,-4.696479470043487,burst
368000,0.5552817393356428,-2.554866082413348,time_varying
368000,0.3355471576365443,-4.742464356662209,time_varying
368000,0.2906147960650739,-5.366822782476759,alpha_stable
368000,0.502487808655423,-2.988744706188588,time_varying
368000,0.4019872698227175,-3.957876999823287,gaussian
368000,0.4197325848036031,-3.7702731420162428,regime_switch
384000,0.3969851478097623,-4.012257409559982,regime_switch
384000,0.33364528191880743,-4.767150121309994,burst
384000,0.2660542629373699,-5.750297780631506,impulsive
384000,0.24613446368035413,-6.088275722430547,gaussian
384000,0.10031715182080822,-9.986248067130353,impulsive
384000,0.187245708938819,-7.275881261257541,colored
384000,0.5683626933834314,-2.4537443635507046,regime_switch
384000,0.1302275322207761,-8.852971891323369,regime_switch
400000,0.4960317836305663,-3.044904948534297,impulsive
400000,0.2734054276487002,-5.63192868060381,regime_switch
400000,0.41932010352761856,-3.774543156497345,impulsive
400000,0.4245420180560003,-3.72079320008418,regime_switch
400000,0.5398230359368748,-2.6774858667975723,impulsive
400000,0.3780651301582787,-4.224333767971098,burst
400000,0.1271920571813318,-8.955400084170758,regime_switch
400000,0.17278006772773574,-7.625063600904429,gaussian
416000,0.2113779865297976,-6.749402432632375,time_varying
416000,0.2953142304701565,-5.297156249408105,regime_switch
416000,0.27545107163056,-5.5995553368177315,time_varying
416000,0.21383885394036942,-6.6991338182481215,chirp_interferer
416000,0.27426200254305966,-5.618343572825431,alpha_stable
416000,0.1217489576290185,-9.145347483676932,impulsive
416000,0.24712649368812178,-6.070806926950327,gaussian
416000,0.21695832493667921,-6.636236808418426,chirp_interferer
432000,0.4159052111426604,-3.810056380463247,alpha_stable
432000,0.2106907356602784,-6.7635456045095115,regime_switch
432000,0.15967529853912435,-7.967622631818301,regime_switch
432000,0.10885862372678654,-9.631371606601927,impulsive
432000,0.1492355119677589,-8.261278201814017,regime_switch
432000,0.2566404139259106,-5.906749529360327,alpha_stable
432000,0.1927190168407873,-7.150754285622023,time_varying
432000,0.17934554330611194,-7.463094109655847,alpha_stable
448000,0.2372157135793705,-6.248565459350371,time_varying
448000,0.44787037842967914,-3.488476602825106,alpha_stable
448000,0.27970887373086506,-5.5329375546740245,regime_switch
448000,0.25960859554148136,-5.856809323074586,burst
448000,0.5665720440458374,-2.467448583643375,impulsive
448000,0.6147610817679517,-2.1129363386581694,impulsive
448000,0.09894433967691024,-10.04609045489547,time_varying
448000,0.405766584282451,-3.917237208779489,impulsive
464000,0.2197694857778636,-6.580326079899819,chirp_interferer
464000,0.14701782752352316,-8.326299990879992,impulsive
464000,0.35861032822615535,-4.453772066102327,burst
464000,0.506398573139673,-2.955075266834446,gaussian
464000,0.21660360956161498,-6.64334310406617,regime_switch
464000,0.5266014133353821,-2.7851797963297353,gaussian
464000,0.5029911555160111,-2.984396514131139,burst
464000,0.19366810632940945,-7.129418939178237,alpha_stable
480000,0.11254758841469913,-9.486638062962928,regime_switch
480000,0.47879925317789185,-3.19846535668591,colored
480000,0.7108515559382804,-1.4822108164337844,chirp_interferer
480000,0.3982956704930008,-3.9979441438099133,impulsive
480000,0.0720795657565496,-11.421878384228348,regime_switch
480000,0.20889183676885287,-6.800785313699949,burst
480000,0.10015651856537863,-9.993207799172767,regime_switch
480000,0.14782575398417175,-8.302498972044566,alpha_stable
496000,0.3368577607517823,-4.725534426313768,time_varying
496000,0.2270520623425568,-6.4387454899156,time_varying
496000,0.2705735398415959,-5.677146765566733,chirp_interferer
496000,0.2735692921123515,-5.629326533487992,burst
496000,0.1369083321730087,-8.63570120112333,regime_switch
496000,0.241386835123427,-6.172864193617995,colored
496000,0.5195807736273929,-2.8434692777141644,burst
496000,0.19376100355288112,-7.127336248369427,colored
512000,0.22036408642035094,-6.568591826874062,regime_switch
512000,0.04972063382946543,-13.034633436804523,regime_switch
512000,0.14690258912909154,-8.329705497849474,time_varying
512000,0.1998809532856119,-6.99228587956047,time_varying
512000,0.4606138192750603,-3.366630365296126,alpha_stable
512000,0.37739285500540865,-4.232063263774039,chirp_interferer
512000,0.3398709481642888,-4.68685956896009,regime_switch
512000,0.31928585129812165,-4.9582032617982374,chirp_interferer
528000,0.5618540657332516,-2.5037647211151723,chirp_interferer
528000,0.2750854080281647,-5.605324462533203,colored
528000,0.2677731862314703,-5.722329137105067,regime_switch
528000,0.1802676286404446,-7.440822542238248,chirp_interferer
528000,0.18188939089991785,-7.40192631379382,burst
528000,0.21823752888198622,-6.61070564539007,impulsive
528000,0.7305340201394404,-1.3635955465748786,time_varying
528000,0.19259660876224505,-7.153513641916291,time_varying
544000,0.34852954796322205,-4.577603969810819,impulsive
544000,0.4893078044322301,-3.104178572111316,regime_switch
544000,0.3522024036799829,-4.532076844226177,time_varying
544000,0.11158980127502134,-9.523754958280577,alpha_stable
544000,0.16465435693651284,-7.8342677288474984,impulsive
544000,0.21163713690991479,-6.744081223630084,chirp_interferer
544000,0.2881449822504027,-5.403889388086407,impulsive
544000,0.09415469914618685,-10.261579999939464,time_varying
560000,0.39447653110555214,-4.039788294991926,burst
560000,0.27100508806626056,-5.670225552555161,regime_switch
560000,0.11148447269813282,-9.52785615940195,regime_switch
560000,0.19958151655716236,-6.998796816282634,regime_switch
560000,0.16933538345112328,-7.712522844639636,burst
560000,0.10005003730769385,-9.997827450791757,gaussian
560000,0.2246641889576296,-6.484661477727486,regime_switch
560000,0.31022948051906757,-5.083169343791628,regime_switch
576000,0.12890860349010677,-8.897180964245425,burst
576000,0.13146721955100837,-8.811825220213702,colored
576000,0.08652635082103166,-10.628516119127712,chirp_interferer
576000,0.6373436509076507,-1.9562633618895715,impulsive
576000,0.10127493068468735,-9.944980453829206,gaussian
576000,0.18849409831888758,-7.247022428440276,burst
576000,0.3331610478860482,-4.773457806043771,alpha_stable
576000,0.1991911031728566,-7.007300631451919,chirp_interferer
592000,0.46657667747428166,-3.310769738511766,time_varying
592000,0.3032164602031651,-5.1824722658284355,regime_switch
592000,0.1398734959407115,-8.542645704026611,impulsive
592000,0.086839260489439,-10.612838835857561,impulsive
592000,0.19673986846787897,-7.061076232959753,burst
592000,0.17661045589856242,-7.529835883855078,regime_switch
592000,0.3578802726225227,-4.462622404948082,chirp_interferer
592000,0.2373885048008737,-6.245403149601351,chirp_interferer
608000,0.08859117737420337,-10.526095265108097,regime_switch
608000,0.17059692511424304,-7.680288009382332,chirp_interferer
608000,0.2633265710893396,-5.795053159957748,burst
608000,0.13547192662285637,-8.68150692800829,alpha_stable
608000,0.11036091803575483,-9.571846955013106,chirp_interferer
608000,0.1354093117615616,-8.683514692694523,time_varying
608000,0.09418532464858781,-10.260167609036316,colored
608000,0.17827479178497543,-7.489100621091463,gaussian
624000,0.2760523762457124,-5.590085101199555,impulsive
624000,0.26310041456014566,-5.798784676061399,impulsive
624000,0.3270171811579702,-4.854294293381381,regime_switch
624000,0.6543829536660654,-1.841680223329944,burst
624000,0.349932705419052,-4.560154655774564,colored
624000,0.3115800660755982,-5.0643033492071945,regime_switch
624000,0.421579917104213,-3.751200858840455,burst
624000,0.46827732966626995,-3.2949686685752564,regime_switch
640000,0.10263321651666635,-9.88712060123984,gaussian
640000,0.22533439382457657,-6.471725148511971,burst
640000,0.3734648146169215,-4.277503082718393,regime_switch
640000,0.1288790594567137,-8.89817642000814,regime_switch
640000,0.093523061144497,-10.290812865249997,impulsive
640000,0.23953387462967124,-6.206330604336314,burst
640000,0.16583816765083598,-7.80315509413308,time_varying
640000,0.07223475473578679,-11.412537974616423,colored
656000,0.19222549179174106,-7.161890193167574,colored
656000,0.07740756242951621,-11.112166082912063,alpha_stable
656000,0.30993258459065853,-5.087327620490962,regime_switch
656000,0.4274086806407315,-3.691566615904816,impulsive
656000,0.11752575311871234,-9.298669571174822,burst
656000,0.09225053766958492,-10.350310939310958,burst
656000,0.18688422876992405,-7.2842734734648795,burst
656000,0.3379597934272088,-4.711349640149719,regime_switch
672000,0.11402450178270357,-9.430018166801926,burst
672000,0.1642923257178006,-7.8438272247983765,impulsive
672000,0.21576652337232397,-6.660159361222266,burst
672000,0.09826170992083962,-10.076156826685484,regime_switch
672000,0.37391968016791666,-4.2722167642417945,impulsive
672000,0.19617409804536265,-7.0735833547870755,alpha_stable
672000,0.5711059253037776,-2.4328333394515815,time_varying
672000,0.30031799138725107,-5.224186493974626,impulsive
688000,0.12041940165781319,-9.193035350504895,burst
688000,0.5480150280980972,-2.6120753178748934,impulsive
688000,0.09598923015652053,-10.1777749139316,regime_switch
688000,0.16185306314146636,-7.908790769640214,impulsive
688000,0.2784380203554345,-5.552714626548669,regime_switch
688000,0.346126685027852,-4.607649169901005,chirp_interferer
688000,0.11006423472900567,-9.583537816893797,impulsive
688000,0.10611428826905064,-9.742261344865218,time_varying
704000,0.20269169861585323,-6.931640377831604,impulsive
704000,0.23248224995557917,-6.336101999361153,time_varying
704000,0.2838414176212938,-5.469242327953725,alpha_stable
704000,0.057879732037408135,-12.374734881699679,impulsive
704000,0.08910392099792425,-10.501031845071363,impulsive
704000,0.08367093792848235,-10.774253626586583,regime_switch
704000,0.26961482707888534,-5.692562280791764,alpha_stable
704000,0.8477523929653837,-0.7173097565706681,regime_switch
720000,0.046974745481357785,-13.281355643068835,gaussian
720000,0.09113472281291256,-10.403161229902578,impulsive
720000,0.1995421858030465,-6.999652747886586,time_varying
720000,0.09487658135050288,-10.228409724507902,regime_switch
720000,0.2598354665162843,-5.853015697314952,alpha_stable
720000,0.1351047488952506,-8.693293853733092,burst
720000,0.18724141705378144,-7.275980807642956,time_varying
720000,0.35744211926689673,-4.46794273632679,alpha_stable
736000,0.05962290655189153,-12.245868563960789,chirp_interferer
736000,0.2810107126488367,-5.512771236677684,alpha_stable
736000,0.3803556733359395,-4.198101014792891,colored
736000,0.17142580173626432,-7.659238107162809,regime_switch
736000,0.2610672657827469,-5.83247579271325,impulsive
736000,0.17746365293959696,-7.508905831370598,time_varying
736000,0.185705770537637,-7.31174600976696,time_varying
736000,0.17884025832078757,-7.475347114966592,burst
752000,0.18489988742532676,-7.330633532547804,regime_switch
752000,0.5085924070167553,-2.9363012787030884,regime_switch
752000,0.1873731964761647,-7.272925343373126,alpha_stable
752000,0.1805847613459638,-7.433189004353046,time_varying
752000,0.4107560504566045,-3.864160306658828,time_varying
752000,0.16190480025168943,-7.907402748269234,burst
752000,0.26541761729176655,-5.760702538939441,impulsive
752000,0.3854650069920109,-4.140150416328258,colored
768000,0.5473540365827253,-2.617316747668936,impulsive
768000,0.22886786994096028,-6.404151723160081,regime_switch
768000,0.28085580538042826,-5.515165946859626,burst
768000,0.0605206804003346,-12.180961980830208,burst
768000,0.1127481555086705,-9.478905541819252,colored
768000,0.5206813733886352,-2.8342795829279255,gaussian
768000,0.09423840942164778,-10.257720526163606,colored
768000,0.4276531111515615,-3.689083641552025,time_varying
784000,0.09499862473379718,-10.222826818102256,gaussian
784000,0.14334193554386165,-8.43626735552417,impulsive
784000,0.487486112624352,-3.120377518548489,burst
784000,0.14002492175712222,-8.537946613303538,regime_switch
784000,0.026390179792309655,-15.785576509706939,burst
784000,0.3039106723094932,-5.172540487052695,impulsive
784000,0.31934471607208403,-4.957402653500143,alpha_stable
784000,0.11844257002998189,-9.264921776238035,alpha_stable
800000,0.04303849080365998,-13.661429661218706,burst
800000,0.14640051371557358,-8.344573993440086,impulsive
800000,0.03528268585634866,-14.524383620711966,chirp_interferer
800000,0.09851520900094934,-10.064967169568671,impulsive
800000,0.04861587684419253,-13.13221876823671,regime_switch
800000,0.12885039026107664,-8.899142617199084,burst
800000,0.3793829063211191,-4.209222408095583,burst
800000,0.04729446194316339,-13.251897110148942,time_varying
816000,0.19154257045736478,-7.177346887423036,impulsive
816000,0.05741593255407842,-12.409675769292598,impulsive
816000,0.18165375400565295,-7.40755622697891,gaussian
816000,0.053401070493544735,-12.724500368812976,colored
816000,0.16843666557211245,-7.735633646011624,gaussian
816000,0.30811340834468015,-5.112894018329023,burst
816000,0.31768596043154934,-4.980019776229627,gaussian
816000,0.12326795958395229,-9.091497926964088,alpha_stable
832000,0.09306277079572027,-10.312240211793675,gaussian
832000,0.3579227759809411,-4.462106649278108,impulsive
832000,0.12131214871563874,-9.16095704851457,alpha_stable
832000,0.29324092238824095,-5.327754230906292,regime_switch
832000,0.3640538232787478,-4.388344036438952,time_varying
832000,0.07548552478760907,-11.221363213131621,chirp_interferer
832000,0.5130609544526625,-2.898310352579877,alpha_stable
832000,0.06870803222642632,-11.62992489313958,regime_switch
848000,0.055849568477709506,-12.5298017810861,time_varying
848000,0.10734874067289019,-9.69203045979371,regime_switch
848000,0.2331406906713067,-6.323819212790358,time_varying
848000,0.2864877002868192,-5.428940187639365,alpha_stable
848000,0.1651819848714567,-7.8203731958895375,burst
848000,0.043384069987521735,-13.626697079547638,alpha_stable
848000,0.3650161082747421,-4.376879695684472,time_varying
848000,0.0264376995755362,-15.777763368066985,regime_switch
864000,0.10017416017343936,-9.992442898549395,colored
864000,0.18355540802820616,-7.362328155040819,time_varying
864000,0.09775814018887258,-10.098470693044547,regime_switch
864000,0.06403309548342624,-11.935955030280843,chirp_interferer
864000,0.3762507669137201,-4.245226061715445,alpha_stable
864000,0.035677674571608406,-14.47603460159037,burst
864000,0.4627385470187097,-3.3466432141934748,alpha_stable
864000,0.11030221170932661,-9.574157792736775,alpha_stable
880000,0.10873591302503274,-9.636269945235492,regime_switch
880000,0.03255506862093996,-14.873813848786435,regime_switch
880000,0.1767751942282907,-7.5257867690868085,alpha_stable
880000,0.24573690767357567,-6.095296111403891,chirp_interferer
880000,0.17601011349232318,-7.544623770258938,time_varying
880000,0.19593840501758428,-7.078804315246883,regime_switch
880000,0.2993222090779185,-5.238610582263511,colored
880000,0.1930373330624064,-7.143586911191994,time_varying
896000,0.22343090068284366,-6.508567637699214,impulsive
896000,0.0924452496068695,-10.341154005902023,burst
896000,0.12062261514372324,-9.185712600914718,regime_switch
896000,0.10144442967284689,-9.937717951395333,regime_switch
896000,0.17619572031637415,-7.540046445341931,gaussian
896000,0.560461092752144,-2.514545307748145,burst
896000,0.15202638263833176,-8.180810381050517,regime_switch
896000,0.14785703165558492,-8.301580168461008,regime_switch
912000,0.2737516808342871,-5.626432055755728,impulsive
912000,0.1746434658013719,-7.578476586324592,regime_switch
912000,0.13366238082734416,-8.7399080737959,impulsive
912000,0.13812471465159717,-8.59728606164881,burst
912000,0.2838796763997585,-5.468656985024893,impulsive
912000,0.2572626500006328,-5.896232611103962,regime_switch
912000,0.39447323544667784,-4.039824578327673,burst
912000,0.014611675983876374,-18.352999668694043,time_varying
928000,0.37277031748522615,-4.285586764284643,impulsive
928000,0.21151911289127504,-6.746503836146395,alpha_stable
928000,0.10379875612093938,-9.838078508480107,burst
928000,0.19433931821918837,-7.1143932519231425,impulsive
928000,0.07975866837057777,-10.982221054950895,alpha_stable
928000,0.13796944977956496,-8.602170676606447,impulsive
928000,0.03876996520671383,-14.115045887298205,impulsive
928000,0.11526530028595043,-9.3830141397165,regime_switch
944000,0.08929662515644966,-10.491649543610968,impulsive
944000,0.16586192250217255,-7.802533050233924,impulsive
944000,0.031828598628675715,-14.971824823591044,regime_switch
944000,0.2085201450385436,-6.808519816643955,impulsive
944000,0.21440029759889548,-6.687746161532288,regime_switch
944000,0.29752820081974285,-5.26471863950942,time_varying
944000,0.4961421826845244,-3.0439384708445587,chirp_interferer
944000,0.17999209859067394,-7.447465594153277,burst
960000,0.14214605809555103,-8.472651793829879,impulsive
960000,0.06849334308282161,-11.643516358426167,impulsive
960000,0.3787653052107838,-4.216298090910265,time_varying
960000,0.13508016785062188,-8.694084083787354,time_varying
960000,0.06767876458549128,-11.69547577542417,regime_switch
960000,0.1908620553813164,-7.192804035919239,alpha_stable
960000,0.2943743918729577,-5.310999727025947,regime_switch
960000,0.014954829388197312,-18.25218537213259,chirp_interferer
976000,0.3441694630340313,-4.632276657449776,alpha_stable
976000,0.3042242099594319,-5.168062280415578,burst
976000,0.3259395969292447,-4.8686287585370565,impulsive
976000,0.06934578940248073,-11.589799036512463,alpha_stable
976000,0.2849794000843009,-5.451865321059559,burst
976000,0.07462092178518756,-11.27139390457584,burst
976000,0.10749874128778122,-9.685966209068596,regime_switch
976000,0.05171662212742906,-12.86369848812739,time_varying
992000,0.21329862887926188,-6.710119362601361,time_varying
992000,0.20082824975185332,-6.971751966622666,time_varying
992000,0.009876645356497989,-20.053905402424146,alpha_stable
992000,0.23373110116281812,-6.312834948600793,alpha_stable
992000,0.39399256083670775,-4.045119782191831,colored
992000,0.21607153697879813,-6.654024387935427,colored
992000,0.02212758357873769,-16.55066010170582,chirp_interferer
992000,0.03667574836501268,-14.35621015646539,alpha_stable
1008000,0.03530209008777122,-14.52199581095222,alpha_stable
1008000,0.037703192083932836,-14.236218793383525,regime_switch
1008000,0.0986867422577045,-10.05741187255628,impulsive
1008000,0.17788427401487802,-7.498624443276002,burst
1008000,0.012106089152429968,-19.16996132116833,time_varying
1008000,0.19351912216373895,-7.132761146744661,time_varying
1008000,0.020515199501512975,-16.879242553278644,burst
1008000,0.052312864786090346,-12.81391496237947,alpha_stable
1024000,0.03749970655497934,-14.259721307154155,regime_switch
1024000,0.0864115902914769,-10.634280021683796,alpha_stable
1024000,0.13680373624947584,-8.63902041425796,impulsive
1024000,0.2785119146415063,-5.551562211264754,time_varying
1024000,0.5449977146013953,-2.6360531889335705,regime_switch
1024000,0.03489940073468586,-14.57182030330771,burst
1024000,0.24349834345587765,-6.135039889872697,impulsive
1024000,0.030520374128155996,-15.154101469546381,alpha_stable
1040000,0.27279727634993434,-5.641599700553856,burst
1040000,0.37653281465390853,-4.241971692573294,burst
1040000,0.1647376340908753,-7.83207175503127,regime_switch
1040000,0.12642228013034065,-8.981763810741537,burst
1040000,0.1428482188195208,-8.451251704806909,regime_switch
1040000,0.2396809086297065,-6.203665575664338,chirp_interferer
1040000,0.2750811357014753,-5.6053919129417125,time_varying
1040000,0.1807999011335797,-7.428018113425042,gaussian
1056000,0.05291395719226283,-12.764297583520177,regime_switch
1056000,0.3619652180775601,-4.413331596389082,gaussian
1056000,0.029392840157440682,-15.317584470834529,time_varying
1056000,0.32749791738230827,-4.847914574181919,impulsive
1056000,0.01059208338736665,-19.750186088178065,time_varying
1056000,0.02654812425347476,-15.759661583756909,regime_switch
1056000,0.14945707235149733,-8.254835291961909,colored
1056000,0.022148137553257223,-16.54662787902141,time_varying
1072000,0.029384127085459084,-15.318872063334492,burst
1072000,0.2831992672691252,-5.47907874643826,burst
1072000,0.01835634049563199,-17.362138950590477,time_varying
1072000,0.02609701065597419,-15.834092370882946,chirp_interferer
1072000,0.1594896189285465,-7.972675796183156,burst
1072000,0.09578053703636222,-10.187227322160554,burst
1072000,0.41075814343769246,-3.864138177518663,impulsive
1072000,0.12837220134633254,-8.915290113803254,time_varying
1088000,0.610458926557782,-2.1434355132426717,burst
1088000,0.2649931250994198,-5.767653931185937,regime_switch
1088000,0.14193779704465384,-8.479019395491559,gaussian
1088000,0.0822966691241247,-10.846177420641858,regime_switch
1088000,0.10460390940412362,-9.804520840983296,gaussian
1088000,0.41822638037486876,-3.785885767542818,time_varying
1088000,0.3638036809523998,-4.391329110733537,time_varying
1088000,0.3597210439908762,-4.440341548358796,impulsive
1104000,0.31097792998781204,-5.072704316297047,impulsive
1104000,0.6847801169529418,-1.64448858176914,regime_switch
1104000,0.007465844573800443,-21.269210555306795,burst
1104000,0.11270482857427534,-9.480574772220757,regime_switch
1104000,0.11896070905163332,-9.24596455912394,gaussian
1104000,0.12388005558488073,-9.069986084441187,regime_switch
1104000,0.06869666642408703,-11.630643370061843,alpha_stable
1104000,0.009695956813572632,-20.13409327504787,burst
1120000,0.10330561198581174,-9.858760851725112,chirp_interferer
1120000,0.13057174664205717,-8.841507863415913,burst
1120000,0.10997844411236098,-9.586924286599725,colored
1120000,0.12948778403788638,-8.877712012719092,alpha_stable
1120000,0.1097943656796686,-9.594199460114188,alpha_stable
1120000,0.018121729071200143,-17.41800366775672,time_varying
1120000,0.11553157122765309,-9.372993202151786,burst
1120000,0.14306995999792957,-8.444515442712735,impulsive
1136000,0.21923967994250537,-6.590808406030803,impulsive
1136000,0.13458608289687563,-8.709998467476082,impulsive
1136000,0.042264675146386085,-13.740224647278389,regime_switch
1136000,0.06923072823418337,-11.597011000387408,time_varying
1136000,0.024715263785313586,-16.07034749948135,regime_switch
1136000,0.10114015803228396,-9.950763721101426,alpha_stable
1136000,0.11585881073793389,-9.360709337358859,regime_switch
1136000,0.5798178705410368,-2.3670840340290464,alpha_stable
1152000,0.017819915849214298,-17.49094351133817,chirp_interferer
1152000,0.4185918600099972,-3.7820922125934606,colored
1152000,0.0056493298006941185,-22.48003070886799,time_varying
1152000,0.13728789644763276,-8.623677492692535,colored
1152000,0.14988757239665773,-8.24234374242211,chirp_interferer
1152000,0.31017071922425704,-5.083992029089681,impulsive
1152000,0.02570387703546887,-15.900013650518845,gaussian
1152000,0.05419152681896863,-12.660686127789722,alpha_stable
1168000,0.03683055211685127,-14.337917706933112,alpha_stable
1168000,0.0705232810784294,-11.516674904518066,impulsive
1168000,0.0850006832934001,-10.705775831116515,burst
1168000,0.004065332675251889,-23.909039092215146,burst
1168000,0.4080955899393715,-3.892380983776972,chirp_interferer
1168000,0.2956890196721561,-5.291648025753323,burst
1168000,0.10420673364512784,-9.821042168246883,time_varying
1168000,0.2177432441274353,-6.620553108702758,colored
1184000,0.16005350524616493,-7.957348101619503,impulsive
1184000,0.2644504061218307,-5.776557616880336,burst
1184000,0.029292088206460655,-15.332496667393464,impulsive
1184000,0.06867721619856608,-11.631873170881414,burst
1184000,0.15516848855881107,-8.091964701531447,burst
1184000,0.1815667756454954,-7.4096361877465196,burst
1184000,0.02993016612474011,-15.23890872625495,gaussian
1184000,0.427061892074828,-3.6950918015258782,alpha_stable
1200000,0.012685237942115719,-18.96701382095149,burst
1200000,0.21267871546956144,-6.722759713865015,chirp_interferer
1200000,0.03275466143604698,-14.847268852194379,impulsive
1200000,0.009090350996425967,-20.41419347437848,impulsive
1200000,0.04287140960349225,-13.67832236727569,burst
1200000,0.18120056070140378,-7.418404627873338,time_varying
1200000,0.27505949124391116,-5.60573364623783,gaussian
1200000,0.12953461138426622,-8.876141734726472,time_varying
1216000,0.01715198256512584,-17.6568567341918,chirp_interferer
1216000,0.047554195492973655,-13.228111611765721,burst
1216000,0.1196853532398941,-9.21958994087012,regime_switch
1216000,0.21889499792433112,-6.597641625903485,burst
1216000,0.24852224596050682,-6.046347302066715,regime_switch
1216000,0.03353528886216313,-14.744979484216607,impulsive
1216000,0.03733797459185735,-14.278492441534887,regime_switch
1216000,0.38904360872975313,-4.100017149477345,alpha_stable
1232000,0.1471551885134023,-8.322244205949604,gaussian
1232000,0.25812542905607083,-5.8816920911298265,regime_switch
1232000,0.10011950513517327,-9.994813056595033,regime_switch
1232000,0.11831071362040489,-9.26975926073837,time_varying
1232000,0.04801866403334843,-13.18589926964988,impulsive
1232000,0.07762402470168954,-11.100038434195639,burst
1232000,0.1612165585650971,-7.9259035381776215,chirp_interferer
1232000,0.20126574941577155,-6.962301252846986,impulsive
1248000,0.05066041160705199,-12.953312859552717,burst
1248000,0.0201219774958071,-16.963293410241793,impulsive
1248000,0.06590460864353084,-11.810842145576533,regime_switch
1248000,0.5458097221151359,-2.629587328218827,colored
1248000,0.021986770050014533,-16.578385656392566,colored
1248000,0.10195279094918322,-9.916008809434851,chirp_interferer
1248000,0.13213123454111964,-8.789945072466004,alpha_stable
1248000,0.11110066622988374,-9.542833367429402,alpha_stable
1264000,0.26737458825816157,-5.728798712073695,colored
1264000,0.03501002849700626,-14.55807535721062,regime_switch
1264000,0.3698918629254356,-4.319252224153919,regime_switch
1264000,0.19926705614599102,-7.005644951589715,burst
1264000,0.39623084183295826,-4.020517228484867,alpha_stable
1264000,0.15191961046947938,-8.183861618225016,time_varying
1264000,0.15142985874956713,-8.197884827483172,regime_switch
1264000,0.056127131122495906,-12.508271556972492,regime_switch
1280000,0.10052323059886453,-9.977335625670367,time_varying
1280000,0.43241579785880185,-3.6409844793332495,time_varying
1280000,0.1563156031833847,-8.059976692062556,colored
1280000,0.015002630696476928,-18.238325811293855,regime_switch
1280000,0.0067887571359561754,-21.682097276293945,burst
1280000,0.02021761316534254,-16.94270117284711,alpha_stable
1280000,0.07372760609339105,-11.323698672344936,chirp_interferer
1280000,0.04695121692150505,-13.283531468296129,colored
1296000,0.15527659971635746,-8.088939877958738,regime_switch
1296000,0.013362697412903773,-18.74105865683203,burst
1296000,0.028911902499953887,-15.38923329343503,regime_switch
1296000,0.2623128057522687,-5.811805072280707,gaussian
1296000,0.00790934294482147,-21.01859593222474,alpha_stable
1296000,0.06394110201679397,-11.94219882982652,regime_switch
1296000,0.06450153616178371,-11.90429942123246,chirp_interferer
1296000,0.12260901215428717,-9.11477606608268,impulsive
1312000,0.14225299834160393,-8.469385709791165,time_varying
1312000,0.08843386219153702,-10.533814075272268,chirp_interferer
1312000,0.08855188945939153,-10.52802167692797,alpha_stable
1312000,0.031249281402076456,-15.051599650804452,time_varying
1312000,0.02839810724352813,-15.467106050462835,burst
1312000,0.10686682649237958,-9.711570871836862,time_varying
1312000,0.08597481050985929,-10.656287726932575,time_varying
1312000,0.04046470636024987,-13.929236067888283,colored
1328000,0.1556941825450459,-8.07727614376973,burst
1328000,0.0440900814763545,-13.556590986077268,regime_switch
1328000,0.1509810516923393,-8.210775537756149,impulsive
1328000,0.057956783814655057,-12.368957227500081,alpha_stable
1328000,0.07098454410588341,-11.488362025458127,regime_switch
1328000,0.10086009324173022,-9.962806346818972,burst
1328000,0.04086763471754326,-13.8862049706723,time_varying
1328000,0.09839192133330633,-10.070405587227743,regime_switch
1344000,0.011184279406392158,-19.513919918511768,gaussian
1344000,0.3722630935851739,-4.291500178948796,regime_switch
1344000,0.014000738639935274,-18.538490515203186,burst
1344000,0.03780830638297537,-14.224127763419773,alpha_stable
1344000,0.010725166911111987,-19.69595940313855,chirp_interferer
1344000,0.0809610723269483,-10.917237482435722,impulsive
1344000,0.08383427995890076,-10.76578361402783,alpha_stable
1344000,0.01666932879076011,-17.780818871488112,alpha_stable
1360000,0.030635745766327133,-15.137715431533824,chirp_interferer
1360000,0.14598395112809023,-8.356948861277944,alpha_stable
1360000,0.023090199378025412,-16.365723170249325,regime_switch
1360000,0.016751602104539534,-17.759436511750714,regime_switch
1360000,0.038580856712762755,-14.13628132785221,regime_switch
1360000,0.14722208987154897,-8.320270215882548,burst
1360000,0.2859159976905446,-5.437615441355865,gaussian
1360000,0.23458113774007375,-6.297069116761682,alpha_stable
1376000,0.08805298306010681,-10.552559264084284,time_varying
1376000,0.009118758873307172,-20.400642681101623,burst
1376000,0.024427409136554865,-16.12122593482253,impulsive
1376000,0.05961477016839443,-12.246461260255796,time_varying
1376000,0.3288094824111685,-4.8305566649726,alpha_stable
1376000,0.1709243803678219,-7.671959858195536,impulsive
1376000,0.3630094695386696,-4.400820457209576,alpha_stable
1376000,0.163432185673841,-7.866624111787688,time_varying
1392000,0.0336289526790364,-14.732866578820227,alpha_stable
1392000,0.06786381628358194,-11.68361721691591,colored
1392000,0.007303708187711061,-21.364565868653543,impulsive
1392000,0.21664162263127987,-6.642581001441085,burst
1392000,0.04923598467581203,-13.077173721462598,burst
1392000,0.009725614781067425,-20.120829362212266,impulsive
1392000,0.3391585877872429,-4.695971817485196,time_varying
1392000,0.16585500239624643,-7.802714250745128,regime_switch
1408000,0.06818315341770932,-11.663229168549327,impulsive
1408000,0.027521149315333445,-15.603334333973166,burst
1408000,0.42708736009669385,-3.694832815843072,burst
1408000,0.2000037827776409,-6.989617902142491,time_varying
1408000,0.0686516287340255,-11.633491548257231,time_varying
1408000,0.02088613773126456,-16.80141862396166,alpha_stable
1408000,0.01978075342859302,-17.03757170570836,time_varying
1408000,0.06822208565333189,-11.660750076738328,regime_switch
1424000,0.006701755591342828,-21.738114145837567,burst
1424000,0.24189275539981,-6.163771384035872,impulsive
1424000,0.011662677084158702,-19.332017489026036,burst
1424000,0.042293622696787436,-13.737251133805339,burst
1424000,0.04989681128380203,-13.019272075963269,chirp_interferer
1424000,0.19987709498111247,-6.992369712286836,regime_switch
1424000,0.016354585787174684,-17.86360450755636,burst
1424000,0.02576734560784314,-15.889303174524589,chirp_interferer
1440000,0.10198863827437853,-9.914482067591102,impulsive
1440000,0.027420252067211905,-15.619285571566333,alpha_stable
1440000,0.020017860714623227,-16.98582336898812,regime_switch
1440000,0.00859874432376909,-20.655649641796188,colored
1440000,0.022158013015045466,-16.54469186852323,impulsive
1440000,0.17529904723144682,-7.562204443329898,chirp_interferer
1440000,0.01753797007560296,-17.560206752543188,alpha_stable
1440000,0.05222966017824158,-12.820827997950248,chirp_interferer
1456000,0.18895327241351295,-7.236455822901853,time_varying
1456000,0.03037414188420503,-15.1749598268695,regime_switch
1456000,0.07815706215922336,-11.07031773644235,chirp_interferer
1456000,0.12390654389884642,-9.06905756541248,burst
1456000,0.3004204078383952,-5.22270568635267,burst
1456000,0.10672222617043013,-9.717451241707405,impulsive
1456000,0.2672516930981202,-5.730795347580018,alpha_stable
1456000,0.9088838501368268,-0.41491613441673036,regime_switch
1472000,0.014864912646204927,-18.27837638557822,chirp_interferer
1472000,0.025368622376758992,-15.957031161437422,regime_switch
1472000,0.08077857533672071,-10.927038105919099,regime_switch
1472000,0.08990026178445495,-10.462390436192406,regime_switch
1472000,0.03653486865525201,-14.37292449615261,burst
1472000,0.09749049009496698,-10.110377463555942,alpha_stable
1472000,0.09448005328009221,-10.24659870478392,time_varying
1472000,0.14219310797195142,-8.471214531270249,impulsive
1488000,0.189428614122521,-7.225544180606968,time_varying
1488000,0.01397931590685878,-18.5451408071561,chirp_interferer
1488000,0.0012247106288083747,-29.119665127059214,regime_switch
1488000,0.024201489755254175,-16.161578995977965,impulsive
1488000,0.07573051606835685,-11.207290836440219,regime_switch
1488000,0.12010452207961206,-9.204406405764097,gaussian
1488000,0.04433813637614779,-13.5322256512614,time_varying
1488000,0.11296239023502812,-9.470661267089245,chirp_interferer
1504000,0.023589939365952304,-16.272731753768834,burst
1504000,0.17708447728182247,-7.518195061496934,burst
1504000,0.01003705899977246,-19.98393522932538,impulsive
1504000,0.21611318925378828,-6.653187275832898,impulsive
1504000,0.0024686045392364906,-26.075484765925125,alpha_stable
1504000,0.09080431745501855,-10.418935016689177,time_varying
1504000,0.08280090441498787,-10.819649194865239,impulsive
1504000,0.17520121453893706,-7.564628875163146,burst
1520000,0.3750289998178365,-4.2593514834071,time_varying
1520000,0.0016871697862942926,-27.72841210253429,regime_switch
1520000,0.12905215945477141,-8.892347239222909,impulsive
1520000,0.06315772977243633,-11.995734892493854,regime_switch
1520000,0.27825006425904814,-5.55564726695748,impulsive
1520000,0.04101320950682679,-13.870762434655429,alpha_stable
1520000,0.19058114549130067,-7.199200670433685,alpha_stable
1520000,0.013620501815114608,-18.658068915454965,burst
1536000,0.023799732071207197,-16.234279320282326,chirp_interferer
1536000,0.07360446855729791,-11.330958186611397,regime_switch
1536000,0.11887327416503415,-9.249157752121228,burst
1536000,0.17743830522781054,-7.5095261926350565,time_varying
1536000,0.18596300822924575,-7.305734370682739,alpha_stable
1536000,0.2564432508317011,-5.9100872636888955,regime_switch
1536000,0.04889818590048424,-13.107072526880224,colored
1536000,0.022235794503424715,-16.529473482153623,regime_switch
1552000,0.004177736676785845,-23.790589370193107,chirp_interferer
1552000,0.13289864749175462,-8.764794388422363,chirp_interferer
1552000,0.03774899283754836,-14.230946310677961,time_varying
1552000,0.1944236910359524,-7.1125081626298705,regime_switch
1552000,0.0031628965845375136,-24.99915007598861,impulsive
1552000,0.2969692511295761,-5.272885161900158,gaussian
1552000,0.009163782629796887,-20.379252210283703,regime_switch
1552000,0.12172890151260626,-9.146062970558294,regime_switch
1568000,0.2931432356210316,-5.329201228536321,impulsive
1568000,0.1422090587463822,-8.470727380739401,gaussian
1568000,0.25017929776638437,-6.0174863084313035,gaussian
1568000,0.04963173609684684,-13.042405330934715,impulsive
1568000,0.2666406055692016,-5.740737130157745,regime_switch
1568000,0.015243398371029955,-18.16918200339628,regime_switch
1568000,0.0005334338166557945,-32.72919455170799,burst
1568000,0.5365110927880055,-2.704212942250563,chirp_interferer
1584000,0.01612347176272437,-17.925414386173223,regime_switch
1584000,0.05249147865531418,-12.799111932209435,gaussian
1584000,0.01868621484177747,-17.284786622048223,time_varying
1584000,0.09050438517994863,-10.433303775489481,gaussian
1584000,0.491701572559171,-3.0829840274682727,gaussian
1584000,0.09345082312682484,-10.29416868942208,burst
1584000,0.08890648027671488,-10.510665827161398,alpha_stable
1584000,0.08068350329900525,-10.932152528634731,burst
1600000,0.05249467587804501,-12.798847414245902,impulsive
1600000,0.10472978418767047,-9.799297913937451,alpha_stable
1600000,0.18078567814577826,-7.428359773351513,gaussian
1600000,0.02950373017207284,-15.30123072456772,time_varying
1600000,0.23717546991857213,-6.249302302717876,time_varying
1600000,0.013426727039053624,-18.72029840025034,alpha_stable
1600000,0.23451190238639746,-6.298351102623776,alpha_stable
1600000,0.04157483195627954,-13.811694974944615,burst
1616000,0.16844124280577233,-7.735515628933535,time_varying
1616000,0.1497342348337389,-8.246788923757414,alpha_stable
1616000,0.35894359614609567,-4.449737904372701,impulsive
1616000,0.0042152071221427095,-23.751810805343958,chirp_interferer
1616000,0.07502472610291484,-11.24795581398285,chirp_interferer
1616000,0.17876788146490422,-7.477105065419034,alpha_stable
1616000,0.08587270215960892,-10.661448709201018,time_varying
1616000,0.22540340864163605,-6.470395206612773,chirp_interferer
1632000,0.0891750487702659,-10.497566444669186,impulsive
1632000,0.0286544395662938,-15.428080811937361,regime_switch
1632000,0.005634821354123499,-22.49119848156283,colored
1632000,0.07266263648760682,-11.386888482613513,regime_switch
1632000,0.02123839819095316,-16.72878241009989,chirp_interferer
1632000,0.03640703049594006,-14.388147424169365,time_varying
1632000,0.21932914296883796,-6.5890365838136455,alpha_stable
1632000,0.009813058399441143,-20.08195616531504,burst
1648000,0.013507544852923336,-18.69423581643362,burst
1648000,0.05169222410323656,-12.865747815212796,impulsive
1648000,0.01591984324155202,-17.980612129318818,burst
1648000,0.15698588005789987,-8.04139408025634,regime_switch
1648000,0.04527516885480445,-13.44139921289832,alpha_stable
1648000,0.11634115285189855,-9.34266636986236,burst
1648000,0.0376801905866534,-14.238869091977149,time_varying
1648000,0.0029500902085653306,-25.30164703710842,impulsive
1664000,0.14375181945318605,-8.423866497763322,alpha_stable
1664000,0.012890709515049701,-18.897231780364393,regime_switch
1664000,0.023439387089287205,-16.300537487455134,colored
1664000,0.03259690019990578,-14.868236971605642,burst
1664000,0.01546467189680578,-18.106592896591224,alpha_stable
1664000,0.014089130058637895,-18.511158217921803,impulsive
1664000,0.17462027919776715,-7.579053217260871,gaussian
1664000,0.049225117074181764,-13.078132422788244,alpha_stable
1680000,0.027145603750536706,-15.663004946587005,regime_switch
1680000,0.012279219321212622,-19.10829243523247,regime_switch
1680000,0.009845793334010877,-20.06749284387592,regime_switch
1680000,0.19168634613749816,-7.174088209137595,alpha_stable
1680000,0.2518253719023219,-5.989005159974072,gaussian
1680000,0.02635078423882925,-15.7920645498798,alpha_stable
1680000,0.09424303152860272,-10.257507523171316,chirp_interferer
1680000,0.060096191941253124,-12.211530466472286,impulsive
1696000,0.060423876671834235,-12.187914147196375,regime_switch
1696000,0.004032414064600097,-23.944348790495653,regime_switch
1696000,0.1324976392481243,-8.777918596155665,chirp_interferer
1696000,0.24255929165621642,-6.151820843107854,gaussian
1696000,0.13094690805058476,-8.829047517785611,chirp_interferer
1696000,0.025262927945078107,-15.975163166019792,alpha_stable
1696000,0.12373177381338522,-9.075187609988767,colored
1696000,0.06981547083251131,-11.560483287646788,time_varying
1712000,0.092928691022359,-10.318501802000334,impulsive
1712000,0.15590168591082643,-8.071491883503226,time_varying
1712000,0.07705833769619291,-11.131803638244849,time_varying
1712000,0.07300506012398489,-11.366470370275241,colored
1712000,0.06427457633683585,-11.919607773027055,colored
1712000,0.04672253209211401,-13.304736289892245,burst
1712000,0.3594119465799985,-4.444074913673451,colored
1712000,0.013704353752436619,-18.63141439360805,impulsive
1728000,0.07665918680806026,-11.15435791998064,gaussian
1728000,0.07089748263436874,-11.49369185084601,regime_switch
1728000,0.03103243209465981,-15.081841862484795,time_varying
1728000,0.04618658006497988,-13.354841943557659,impulsive
1728000,0.00838911933537694,-20.762836276607302,colored
1728000,0.16350630660933166,-7.864654914853817,regime_switch
1728000,0.002566406591833827,-25.906745377367685,impulsive
1728000,0.22942827056266044,-6.393530685911427,regime_switch
1744000,0.007987774951099206,-20.97574179459609,alpha_stable
1744000,0.03565424214538978,-14.478887903236672,alpha_stable
1744000,0.1585953298233905,-7.997096055515752,alpha_stable
1744000,0.013197065876159422,-18.79522615385356,burst
1744000,0.019256123144754476,-17.154311453467244,chirp_interferer
1744000,0.10033897347312806,-9.985303463698795,alpha_stable
1744000,0.09322181088679761,-10.304824648990447,time_varying
1744000,0.4197057187987181,-3.770551131658274,regime_switch
1760000,0.06449932839796695,-11.90444807444441,burst
1760000,0.025980888078123557,-15.853460079484805,time_varying
1760000,0.043170586566834174,-13.648120504532296,impulsive
1760000,0.12853920909552083,-8.909643766371751,time_varying
1760000,0.1795437218318387,-7.4582977639713715,regime_switch
1760000,0.31231993761867205,-5.054002907559577,time_varying
1760000,0.019341093094452363,-17.135189846528135,regime_switch
1760000,0.09329603224994634,-10.301368257943476,regime_switch
1776000,0.003916154796185267,-24.07140149801822,alpha_stable
1776000,0.08309264974165993,-10.804373915875722,regime_switch
1776000,0.18085064113042854,-7.426799472874981,impulsive
1776000,0.019670351505466793,-17.061878792288642,burst
1776000,0.09022843817145242,-10.446565600761627,regime_switch
1776000,0.11007994895825898,-9.582917804777257,regime_switch
1776000,0.015103975118535342,-18.20908738449701,chirp_interferer
1776000,0.13451226428826824,-8.7123811662566,regime_switch
1792000,0.10827992842745719,-9.65452039964113,chirp_interferer
1792000,0.19159955212639404,-7.176055104392526,colored
1792000,0.013320306876792625,-18.754857696254234,time_varying
1792000,0.13743326700919756,-8.619081295019482,impulsive
1792000,0.14618244705707445,-8.351047724087872,burst
1792000,0.23382579992302946,-6.311075712474898,time_varying
1792000,0.03036013552652539,-15.176962940833738,regime_switch
1792000,0.07460613617944464,-11.272254513515565,time_varying
1808000,0.14218474039372375,-8.471470106243693,alpha_stable
1808000,0.08218143027282192,-10.852263046095192,burst
1808000,0.14992558628524597,-8.241242441717999,impulsive
1808000,0.07360215650994215,-11.331094608380202,colored
1808000,0.07336109097626821,-11.34534218751825,colored
1808000,0.19651927454603352,-7.065948477368991,burst
1808000,0.0057310984702599,-22.417621294662773,alpha_stable
1808000,0.05268741846695579,-12.782930800870647,impulsive
1824000,0.025187388292362934,-15.988168626163993,regime_switch
1824000,0.15045098759325148,-8.226049571075094,impulsive
1824000,0.0740565632450541,-11.304364461875569,regime_switch
1824000,0.08593179300463177,-10.65846126362673,impulsive
1824000,0.32559034632092826,-4.873284803223632,regime_switch
1824000,0.27196286828971283,-5.654903871322104,colored
1824000,0.11321067204911822,-9.461126315045076,time_varying
1824000,0.034110631178155236,-14.671102443836297,gaussian
1840000,0.008472516376551335,-20.719875829894573,regime_switch
1840000,0.18505381024299675,-7.3270196838618045,alpha_stable
1840000,0.16460219316386251,-7.83564382531694,regime_switch
1840000,0.2865460084118304,-5.42805636888157,colored
1840000,0.017411925266374098,-17.591532055185848,regime_switch
1840000,0.033117132966856984,-14.799472682076544,regime_switch
1840000,0.1533466030325186,-8.143258401584331,time_varying
1840000,0.0861280748485292,-10.648552601049781,impulsive
1856000,0.01598952975001259,-17.961643085829373,regime_switch
1856000,0.10896578546021103,-9.627098462611741,burst
1856000,0.16126478922759696,-7.924604467029374,burst
1856000,0.010066613403831066,-19.971166095819648,burst
1856000,0.012496865482611952,-19.031989049023746,regime_switch
1856000,0.15512984358523801,-8.093046453969286,time_varying
1856000,0.1280836362255688,-8.925063515235058,alpha_stable
1856000,0.30997288042798216,-5.086763009891266,time_varying
1872000,0.05646851049121341,-12.481936677889585,regime_switch
1872000,0.06698783503729468,-11.740040578278803,regime_switch
1872000,0.0025264233102482245,-25.97493880092366,chirp_interferer
1872000,0.2688916096536031,-5.704227490506195,regime_switch
1872000,0.028736714357881252,-15.415628888593904,chirp_interferer
1872000,0.09031946649935244,-10.442186363691528,impulsive
1872000,0.16859321615597897,-7.731599044732192,burst
1872000,0.08775145325604762,-10.56745682425781,regime_switch
1888000,0.3173364708338125,-4.984800124501776,regime_switch
1888000,0.001745218809182082,-27.581501147808755,colored
1888000,0.01908319994605522,-17.19348799295178,impulsive
1888000,0.0879624603509466,-10.557026317176781,regime_switch
1888000,0.024141171878055468,-16.172416518751916,regime_switch
1888000,0.0037837841401521747,-24.220736473707912,chirp_interferer
1888000,0.0896881290968935,-10.472650353109533,regime_switch
1888000,0.0912987859681572,-10.395349973879505,chirp_interferer
1904000,0.29747664280018876,-5.2654712842546285,time_varying
1904000,0.0374089826275859,-14.270241026758725,impulsive
1904000,0.13550713685694504,-8.680378308678012,regime_switch
1904000,0.14044690152613917,-8.524878375553843,regime_switch
1904000,0.09154475374276502,-10.383665392423309,burst
1904000,0.2215324260936233,-6.545626963335711,chirp_interferer
1904000,0.04665635759305469,-13.31089169068818,gaussian
1904000,0.023997882734009334,-16.198270731660667,burst
1920000,0.046978924900236085,-13.28096926145113,chirp_interferer
1920000,0.0259723978266393,-15.85487953518931,time_varying
1920000,0.07276649596862907,-11.380685377856281,impulsive
1920000,0.05498233903240942,-12.597767885432065,alpha_stable
1920000,0.2351031076719387,-6.287416301847639,burst
1920000,0.03256626566402092,-14.872320386121745,alpha_stable
1920000,0.019096891996677356,-17.190373080449916,time_varying
1920000,0.19145688718935117,-7.17929006360083,gaussian
1936000,0.07029198722322912,-11.530941785738658,regime_switch
1936000,0.02860506872532216,-15.435570044644162,alpha_stable
1936000,0.2025862598461714,-6.9339001344222755,time_varying
1936000,0.14666025549211867,-8.336875627663256,regime_switch
1936000,0.006829741477861254,-21.65595735034266,alpha_stable
1936000,0.011311508091998127,-19.46479489433103,time_varying
1936000,0.0625336943961181,-12.038859130930884,gaussian
1936000,0.34242316850977933,-4.654368584341969,alpha_stable
1952000,0.04948730311025342,-13.055062131077113,regime_switch
1952000,0.02521378169152012,-15.983620117205323,gaussian
1952000,0.19752484154166894,-7.043782779288192,regime_switch
1952000,0.0776830836991173,-11.096735430464548,time_varying
1952000,0.07611263110832107,-11.185432648342102,alpha_stable
1952000,0.2299032387442532,-6.3845491059551325,burst
1952000,0.024907211659383748,-16.036748886132102,alpha_stable
1952000,0.03298468637345206,-14.816876409299704,impulsive
1968000,0.4597689286112967,-3.374603818883667,impulsive
1968000,0.10912498193494141,-9.620758151775226,alpha_stable
1968000,0.14414617239338753,-8.411968852221234,impulsive
1968000,0.15052416023503215,-8.22393787013189,impulsive
1968000,0.11649247464411815,-9.337021289354725,alpha_stable
1968000,0.10105000980597315,-9.954636400000961,burst
1968000,0.0360604970281375,-14.429682916035183,chirp_interferer
1968000,0.1007754563023462,-9.966452267191762,impulsive
1984000,0.00826497399838329,-20.827585083287254,alpha_stable
1984000,0.026325433853745025,-15.796244627191491,colored
1984000,0.03086288018554252,-15.105635471401886,colored
1984000,0.026354273276752226,-15.791489550063584,impulsive
1984000,0.027672402454243787,-15.579531347599357,burst
1984000,0.007288720337947425,-21.373487129051707,alpha_stable
1984000,0.06913145047344557,-11.603243309167945,regime_switch
1984000,0.01161475687465758,-19.349898765796667,impulsive
2000000,0.0034159677983807636,-24.664862318405156,alpha_stable
2000000,0.027661697814326168,-15.581211673504086,burst
2000000,0.16593188880744247,-7.800701431938926,impulsive
2000000,0.04727565456514408,-13.253624493153623,chirp_interferer
2000000,0.1251826773726323,-9.02455764109133,regime_switch
2000000,0.01058758999148522,-19.752028852257094,alpha_stable
2000000,0.01805261406287777,-17.43459902272547,burst
2000000,0.01879570669284277,-17.259413407420567,impulsive
