step,ss_mse,ss_mse_db,ep_mse,family,snr_db,divergence_count
16000,0.3397776567306587,-4.688051830808256,0.3855452847469857,gaussian,10.0,0
16000,0.09868614239863303,-10.05743827086171,0.12716416580238982,regime_switch,0.0,0
16000,0.5463769137955748,-2.6250765929462903,0.5065894570856289,gaussian,20.0,0
16000,0.12343067683537712,-9.085768895326364,0.14573795258417502,impulsive,5.0,0
16000,0.6227412116038049,-2.056923927010821,0.615090167409489,impulsive,20.0,0
16000,0.43260103247680076,-3.639124483761773,0.521963341684088,regime_switch,10.0,0
16000,0.15973977550593105,-7.965869302464144,0.17707307159749108,time_varying,20.0,0
16000,0.43179972083496626,-3.647176427786259,0.41822388063682636,impulsive,15.0,0
32000,0.3138126604576844,-5.0332953921807375,0.3479587695938923,colored,15.0,0
32000,0.1571365719761116,-8.03722725466696,0.15726539728181133,time_varying,20.0,0
32000,0.10084408270679886,-9.963495800763578,0.13775506766129922,regime_switch,5.0,0
32000,0.4445904583375327,-3.5203986222944965,0.38343349162958534,time_varying,20.0,0
32000,0.1318723514400114,-8.798462497552343,0.09364787712412823,regime_switch,10.0,0
32000,0.18500877425368834,-7.328076741914121,0.18275048855863973,time_varying,20.0,0
32000,0.3929696076029444,-4.056410368009161,0.41592439921120267,gaussian,10.0,0
32000,0.16894299607155655,-7.7225980821043,0.1574766709364605,regime_switch,5.0,0
48000,0.49030713076880406,-3.0953179055668123,0.4805755577592162,time_varying,0.0,0
48000,0.15585716078788567,-8.07273239459283,0.13449775271642841,gaussian,0.0,0
48000,0.6986072770366284,-1.5576689484949355,0.5191925743547806,regime_switch,5.0,0
48000,0.3348856925086664,-4.751034066459637,0.3405974118675554,time_varying,10.0,0
48000,0.2587390347443124,-5.871380463679188,0.2921777584911398,impulsive,5.0,0
48000,0.15204158874207363,-8.180376009293319,0.15724578262192715,time_varying,15.0,0
48000,0.3237409130460019,-4.898024127761095,0.4675358921502879,regime_switch,20.0,0
48000,0.16812809990698502,-7.743596951559936,0.11506936361854864,regime_switch,20.0,0
64000,0.11228355952745403,-9.496838281442756,0.12472477436116186,regime_switch,0.0,0
64000,0.15384552638081653,-8.12915127924413,0.1776719789180278,regime_switch,15.0,0
64000,0.13005839959362062,-8.85861594411631,0.2594497497296448,time_varying,5.0,0
64000,0.4265220610300157,-3.7005850087101386,0.556380768390945,colored,20.0,0
64000,0.21933030202583642,-6.589013633341958,0.212006958889989,gaussian,5.0,0
64000,0.10253230564395382,-9.891392765320349,0.16821557426086928,regime_switch,0.0,0
64000,0.07690362983255959,-11.140531611155868,0.09508859375030025,gaussian,15.0,0
64000,0.3853874909330541,-4.141023859610023,0.3831465963023055,impulsive,15.0,0
80000,0.11161268669263033,-9.522864375858411,0.1535681189537633,impulsive,5.0,0
80000,0.33991086829181705,-4.686349490852598,0.35192381497209146,colored,0.0,0
80000,0.13789132174445298,-8.604630654895537,0.14639999179989252,impulsive,10.0,0
80000,0.15479535543105516,-8.102420742764481,0.15912625699935712,gaussian,20.0,0
80000,0.12333351169343798,-9.089189025889848,0.1262377907231603,impulsive,10.0,0
80000,0.20049349422151844,-6.978997151590161,0.26476834620049466,time_varying,0.0,0
80000,0.03208974685262632,-14.936337089096952,0.09159600397700662,regime_switch,5.0,0
80000,0.08862949980666349,-10.524217016872674,0.13486636429819052,time_varying,0.0,0
96000,0.27391498884031673,-5.623842021638323,0.40576913549508226,time_varying,5.0,0
96000,0.08712616570907204,-10.598513981844365,0.06434080845136068,regime_switch,20.0,0
96000,0.15806774205636978,-8.011567504086221,0.16957904933458331,gaussian,15.0,0
96000,0.13101118382210467,-8.826916290362812,0.13616926310790337,colored,0.0,0
96000,0.12141583034556616,-9.15724685715842,0.1140471059671643,colored,0.0,0
96000,0.43381172048922406,-3.62698718630107,0.4152045293730373,impulsive,20.0,0
96000,0.36466089470729696,-4.381108068068253,0.30871704877481865,regime_switch,0.0,0
96000,0.26075020983831104,-5.837753334018412,0.21707916317829762,impulsive,20.0,0
112000,0.33264949578478575,-4.780131305002615,0.39648890880464116,time_varying,20.0,0
112000,0.21732763939785268,-6.62885037254854,0.22667266821083423,impulsive,5.0,0
112000,0.4188678734390039,-3.7792294811999123,0.36653728843395206,impulsive,5.0,0
112000,0.3487667814194258,-4.5746488650559085,0.37828202524797916,time_varying,0.0,0
112000,0.37683672003321467,-4.238467849363945,0.3673403264554808,gaussian,10.0,0
112000,0.23737168992701388,-6.245710783097814,0.19678544470697346,gaussian,20.0,0
112000,0.2575050506775774,-5.892142483302678,0.21727430827588642,impulsive,20.0,0
112000,0.1608066750912764,-7.936959276300232,0.16875872654402063,regime_switch,20.0,0
128000,0.1715265434022026,-7.656686641835741,0.20748424356988068,time_varying,15.0,0
128000,0.05031091668497238,-12.983377695748175,0.11738193311038567,impulsive,0.0,0
128000,0.3568957586168698,-4.4745861320937195,0.38622274278150737,regime_switch,5.0,0
128000,0.26461003659630017,-5.7739368714716255,0.27641638996133167,colored,20.0,0
128000,0.09748087504632456,-10.110805809797345,0.13153210041948507,impulsive,10.0,0
128000,0.22252694629482417,-6.526173917886378,0.17967867533415224,time_varying,20.0,0
128000,0.4571159306628782,-3.3997364311920997,0.48227238552833607,colored,0.0,0
128000,0.08392240811877469,-10.761220627300743,0.1289395662516191,impulsive,10.0,0
144000,0.3687181286716664,-4.333055090200004,0.38742649102533777,time_varying,15.0,0
144000,0.470931400892509,-3.2704235058485445,0.4274701582771921,time_varying,0.0,0
144000,0.32544832454469286,-4.8751795992616405,0.3513034105464828,regime_switch,5.0,0
144000,0.21595532042899326,-6.656360918946768,0.25622259569405703,time_varying,20.0,0
144000,0.11858844864615221,-9.259576122628426,0.14995178926143485,regime_switch,10.0,0
144000,0.13532273196150565,-8.686292430429079,0.13736958223895787,gaussian,10.0,0
144000,0.2117597659220417,-6.741565517708729,0.18633784800721248,impulsive,10.0,0
144000,0.22316002571671956,-6.51383597212094,0.2937583235886097,colored,5.0,0
160000,0.1968951871249064,-7.057648995561786,0.20606065714874935,regime_switch,20.0,0
160000,0.24424920412775572,-6.121668427291599,0.27769710061730274,regime_switch,15.0,0
160000,0.3928600301988126,-4.057621543052067,0.370410948765968,impulsive,15.0,0
160000,0.3026244513757792,-5.190959848752943,0.3258133620466225,gaussian,20.0,0
160000,0.10930351879522658,-9.613658566304856,0.1183230581426988,regime_switch,20.0,0
160000,0.45296275800142366,-3.4393750363601234,0.42072560830979183,impulsive,10.0,0
160000,0.09352249615000766,-10.290839102065517,0.1246374936602723,regime_switch,10.0,0
160000,0.31338187155501496,-5.039261301102621,0.32095538969485043,impulsive,5.0,0
176000,0.069868845766885,-11.557164312236717,0.083036804341425,time_varying,20.0,0
176000,0.4829791331158582,-3.160716323291668,0.5181605360723158,regime_switch,10.0,0
176000,0.1947833233621979,-7.104482285732773,0.165288368183502,time_varying,5.0,0
176000,0.3394771266033399,-4.6918948242669325,0.38810169541548556,time_varying,5.0,0
176000,0.17514772300366427,-7.565955043236658,0.17026750129120438,regime_switch,10.0,0
176000,0.11817560766270399,-9.274721558597005,0.10151231220575244,impulsive,15.0,0
176000,0.03953239595190577,-14.030468634310544,0.12829212256190492,regime_switch,10.0,0
176000,0.39112420586746605,-4.07685305628539,0.427583459412888,regime_switch,0.0,0
192000,0.36642463696255606,-4.360153337552456,0.3954635123608547,time_varying,0.0,0
192000,0.4002511064167626,-3.9766745888282924,0.36546892053389446,impulsive,20.0,0
192000,0.30599618714833715,-5.1428398499005334,0.4125047898257703,regime_switch,0.0,0
192000,0.5590323836223515,-2.5256303357767824,0.5054356098581253,time_varying,20.0,0
192000,0.25200839540852676,-5.985849908879109,0.17805390189158699,time_varying,5.0,0
192000,0.5818547237622241,-2.3518543552837414,0.37922753000217496,regime_switch,20.0,0
192000,0.1448108764062278,-8.391988180680874,0.14794812193124687,gaussian,20.0,0
192000,0.08208168570565808,-10.857537330609361,0.12543828006044774,regime_switch,10.0,0
208000,0.4676159728330617,-3.301106626188023,0.4271343912067374,gaussian,0.0,0
208000,0.19014722119419264,-7.209100169703176,0.18563737513325873,impulsive,0.0,0
208000,0.3267530913584743,-4.857802949363688,0.3378469315880061,time_varying,20.0,0
208000,0.044382742442002986,-13.527858658925387,0.0947528958354473,impulsive,15.0,0
208000,0.28308297143474614,-5.480862543859298,0.30024325793439705,impulsive,5.0,0
208000,0.057048128294260717,-12.437585998763488,0.07597767064314036,colored,0.0,0
208000,0.1429792149110587,-8.447270919411606,0.172522974542045,colored,0.0,0
208000,0.16499260035118996,-7.825355327453288,0.15735305103001276,regime_switch,5.0,0
224000,0.16843120791962093,-7.735774367555464,0.15287373933255724,time_varying,0.0,0
224000,0.3165973477696414,-4.994927276713883,0.2636576536827656,colored,20.0,0
224000,0.09445846795720877,-10.247591026158902,0.13952042819776656,impulsive,20.0,0
224000,0.23836273477452852,-6.227616404854287,0.22026190783166763,gaussian,5.0,0
224000,0.16492941800447458,-7.82701873537036,0.10562773423155483,regime_switch,20.0,0
224000,0.30645157963656416,-5.13638135688574,0.33938828680235145,impulsive,20.0,0
224000,0.4053291778293151,-3.9219213222031826,0.4189893744212543,regime_switch,20.0,0
224000,0.07241361345847454,-11.401797805631393,0.09073934177862947,regime_switch,10.0,0
240000,0.07325014055575992,-11.351915376227723,0.08854112549104588,regime_switch,15.0,0
240000,0.1110506323212382,-9.544789642359303,0.14172925708373613,time_varying,20.0,0
240000,0.38851110375918585,-4.105965644232599,0.2970337939185426,colored,5.0,0
240000,0.13622611034372906,-8.657396435844436,0.14888969848601372,impulsive,0.0,0
240000,0.3835767577725638,-4.161477160907805,0.3874709226287775,impulsive,15.0,0
240000,0.32384130059157157,-4.896677649846055,0.2907479579341004,regime_switch,10.0,0
240000,0.205927656614798,-6.862853225950275,0.12882437901476448,regime_switch,10.0,0
240000,0.13785811419677338,-8.605676666448392,0.1996822219507466,regime_switch,20.0,0
256000,0.26109158486540823,-5.832071255151576,0.26088086407855965,gaussian,5.0,0
256000,0.11259780598750248,-9.484700717970156,0.08251597336834118,time_varying,20.0,0
256000,0.24513148562480241,-6.106009027204432,0.2577439998609049,time_varying,0.0,0
256000,0.19153661441696568,-7.177481933939873,0.16917409854485166,time_varying,10.0,0
256000,0.2902688693209761,-5.3719953876924285,0.32712743729550703,regime_switch,5.0,0
256000,0.4137592371306339,-3.8325229752917425,0.3515010905921572,colored,0.0,0
256000,0.039705869174627026,-14.011452926779278,0.050646583213907574,impulsive,0.0,0
256000,0.07092362384895617,-11.492090821823533,0.15084326626639916,impulsive,20.0,0
272000,0.0666641696945862,-11.761075256717383,0.08697951503320288,regime_switch,20.0,0
272000,0.3154368615011498,-5.010875570072358,0.30168039845358385,gaussian,20.0,0
272000,0.042784926476648055,-13.68709209973138,0.06283400380467395,impulsive,5.0,0
272000,0.12619102803448345,-8.989715215831238,0.13646814921289308,gaussian,5.0,0
272000,0.1968864476059823,-7.0578417686374735,0.12003876404825724,impulsive,20.0,0
272000,0.10701724406432289,-9.705462372772367,0.13085844699879004,gaussian,10.0,0
272000,0.3184334046089955,-4.969813797634267,0.3258546511583454,regime_switch,0.0,0
272000,0.22614396589511404,-6.456149958596167,0.14164774280817452,impulsive,10.0,0
288000,0.08362855700887276,-10.776453967947424,0.13129534877021526,regime_switch,10.0,0
288000,0.4349038824737091,-3.616067152828912,0.512300557246271,impulsive,20.0,0
288000,0.03169375906507711,-14.990262478770378,0.07135986785216857,regime_switch,5.0,0
288000,0.1882270534272892,-7.2531795630598275,0.15802527999030197,regime_switch,20.0,0
288000,0.12391733830423471,-9.068679236200879,0.11592645795016075,impulsive,5.0,0
288000,0.0939747081923143,-10.269890141667453,0.11135481836466167,time_varying,5.0,0
288000,0.3643416058367226,-4.384912318489515,0.4446839640692013,gaussian,5.0,0
288000,0.4172317933123405,-3.796226054841074,0.5239207094060827,time_varying,10.0,0
304000,0.21894985775864217,-6.596553326103464,0.20619573290544263,regime_switch,20.0,0
304000,0.35330734928615926,-4.518473285383714,0.37913543354071993,regime_switch,5.0,0
304000,0.10330841192821158,-9.858643144368086,0.09343570006615481,time_varying,15.0,0
304000,0.1147595259666719,-9.402112543442122,0.6627537751940515,time_varying,10.0,0
304000,0.20710615643713265,-6.838069910757918,0.21979185292884468,regime_switch,15.0,0
304000,0.25787894642998116,-5.885841127751318,0.26182836395602066,colored,5.0,0
304000,0.12883697402499875,-8.899594839396157,0.18149716500575436,impulsive,0.0,0
304000,0.3601995749582967,-4.434568039899473,0.3587038897112388,colored,20.0,0
320000,0.1825717501326413,-7.385664212716868,0.22662328730084028,regime_switch,10.0,0
320000,0.4004214150472861,-3.974827039484725,0.43544319743825033,time_varying,10.0,0
320000,0.4497949351382533,-3.4698543919264595,0.5181363462463596,gaussian,15.0,0
320000,0.09291254941090409,-10.319256232264049,0.14867270274916902,impulsive,15.0,0
320000,0.21531900763503972,-6.669176304316105,0.2211416435458803,time_varying,20.0,0
320000,0.09049165389205736,-10.433914742239484,0.13895923708214605,regime_switch,20.0,0
320000,0.2399689246738731,-6.198449946051678,0.2680055157850264,impulsive,10.0,0
320000,0.05832933765504997,-12.34112955062455,0.06891094490838603,impulsive,0.0,0
336000,0.17777284342685043,-7.50134581106006,0.15699212623427383,time_varying,5.0,0
336000,0.04937663935778684,-13.064784720711877,0.055023808615129115,regime_switch,5.0,0
336000,0.08768580686175523,-10.570706973981896,0.09039478744210742,regime_switch,10.0,0
336000,0.09440444575120817,-10.250075531575579,0.0710180655657638,gaussian,15.0,0
336000,0.07879070778269648,-11.035249981985611,0.07004619447142489,impulsive,5.0,0
336000,0.09070152587492983,-10.423854067224603,0.12062467545619789,regime_switch,15.0,0
336000,0.3946822088781259,-4.037524498896781,0.3251955754434124,time_varying,0.0,0
336000,0.16918819223405768,-7.716299499618826,0.18994970837288347,time_varying,10.0,0
352000,0.06672587548625217,-11.75705719274614,0.07079825534546774,impulsive,5.0,0
352000,0.07349387907881663,-11.337488295219808,0.13539761791111077,regime_switch,15.0,0
352000,0.13923838392083393,-8.562410260219268,0.12413858002738688,time_varying,0.0,0
352000,0.09745320893553967,-10.112038558743524,0.061853604016787946,impulsive,10.0,0
352000,0.1312269499006129,-8.81976965328965,0.1370866069423372,time_varying,15.0,0
352000,0.09103892213068021,-10.40772892810105,0.10122223808923791,impulsive,10.0,0
352000,0.12716284942431666,-8.956397491134547,0.17737024104219626,colored,0.0,0
352000,0.32192886071615384,-4.9224008734560085,0.33048335811887386,regime_switch,10.0,0
368000,0.47024799742871815,-3.276730452344147,0.3215137519223855,regime_switch,5.0,0
368000,0.11900804019884323,-9.244236966203355,0.12906751869514355,gaussian,0.0,0
368000,0.23338693406511116,-6.319234611519401,0.3562223271766002,gaussian,10.0,0
368000,0.2591839159564839,-5.863919527537814,0.2729534346012749,regime_switch,10.0,0
368000,0.22445623066661774,-6.488683345394167,0.3161413593267183,regime_switch,5.0,0
368000,0.06338184887294179,-11.980350964167933,0.0880399566126917,time_varying,10.0,0
368000,0.3946997567802102,-4.037331412219432,0.4357272507877467,gaussian,5.0,0
368000,0.17736538534122467,-7.511311332172932,0.24257210494920653,regime_switch,10.0,0
384000,0.3052356512910643,-5.153647424892069,0.3050727626800709,impulsive,10.0,0
384000,0.16203234942056322,-7.903982708108257,0.17268673557398154,time_varying,0.0,0
384000,0.08471167032642393,-10.720567548444498,0.07692136529032315,gaussian,10.0,0
384000,0.31606938050411476,-5.002175747765804,0.3447543671719176,time_varying,5.0,0
384000,0.2075629899482248,-6.828500819109278,0.2487083173328424,time_varying,0.0,0
384000,0.09256000627865725,-10.335766245919551,0.09582019654220834,time_varying,20.0,0
384000,0.501745708661154,-2.9951633326462517,0.5287152255719906,time_varying,20.0,0
384000,0.09775608296519563,-10.098562086998047,0.10127473101411207,regime_switch,20.0,0
400000,0.2884917421257163,-5.398666137045314,0.302519539536951,impulsive,20.0,0
400000,0.1868974337285296,-7.283966618354858,0.17380642752122566,colored,15.0,0
400000,0.0864156582748458,-10.634075574440141,0.09357967672634632,impulsive,15.0,0
400000,0.31636429354436996,-4.998125390532692,0.3017924444172012,time_varying,5.0,0
400000,0.23196029525473463,-6.345863471222413,0.2722260967976224,regime_switch,10.0,0
400000,0.10826019495200118,-9.655311951746045,0.1324234700079553,regime_switch,20.0,0
400000,0.11883221206221091,-9.250658184032309,0.09246968778593465,regime_switch,20.0,0
400000,0.0690212256795119,-11.610173327646635,0.09471807766363288,impulsive,15.0,0
416000,0.4321312153689046,-3.643843609203141,0.4097740303292784,regime_switch,0.0,0
416000,0.0543541441304255,-12.647673383339253,0.11544723780051395,time_varying,0.0,0
416000,0.201874513301695,-6.949185073599114,0.22558901254536806,regime_switch,10.0,0
416000,0.05929386850653079,-12.269902140728773,0.04710902216452982,regime_switch,20.0,0
416000,0.12797323443587025,-8.92880853413693,0.13093829641757748,time_varying,15.0,0
416000,0.34784050586645876,-4.586198459951158,0.37722304076893526,impulsive,15.0,0
416000,0.08889669463914973,-10.511143866814256,0.1167687878658111,impulsive,15.0,0
416000,0.41525901635521206,-3.8168092910838287,0.42296461219365655,regime_switch,15.0,0
432000,0.4675234141813603,-3.3019663421271805,0.44010680077346026,regime_switch,15.0,0
432000,0.053174104273737796,-12.742998171152212,0.06239026564676993,regime_switch,10.0,0
432000,0.2212086422950134,-6.551979097898046,0.27049727361290427,time_varying,20.0,0
432000,0.08941714579230665,-10.485791969819713,0.08685631063068931,colored,20.0,0
432000,0.08780525531756271,-10.564794899304657,0.09276785894755808,impulsive,15.0,0
432000,0.057133758265251564,-12.431072070507687,0.04743573254067417,impulsive,10.0,0
432000,0.04817041084546016,-13.17219649562883,0.06613217217870726,impulsive,5.0,0
432000,0.06922043331334717,-11.597656863848426,0.08362002000966742,impulsive,0.0,0
448000,0.41471856606624113,-3.822465217614561,0.32395916526817725,gaussian,15.0,0
448000,0.22223368471948815,-6.531901129042153,0.1750417711445853,regime_switch,10.0,0
448000,0.09912371665524591,-10.0382242240038,0.06369867849089082,impulsive,20.0,0
448000,0.062070848346840506,-12.071123188925457,0.0736969891094518,gaussian,5.0,0
448000,0.08978860175809271,-10.46778791476549,0.07319034833385499,colored,10.0,0
448000,0.486425020673473,-3.1298409397096805,0.30902451525501423,impulsive,15.0,0
448000,0.3319465380369614,-4.789318563704278,0.3001543340198026,time_varying,0.0,0
448000,0.09924296994338605,-10.033002475118952,0.09207069886751856,impulsive,10.0,0
464000,0.19660765237356775,-7.063995825396364,0.22332492570431883,impulsive,5.0,0
464000,0.06025558992428162,-12.200026572826765,0.08043169545428466,time_varying,5.0,0
464000,0.11959926849583527,-9.222714766081385,0.10185231350164488,gaussian,15.0,0
464000,0.17219527429294265,-7.639787714434892,0.30035684499572085,regime_switch,0.0,0
464000,0.30981673239444796,-5.088951308286578,0.28947499937439114,gaussian,10.0,0
464000,0.06326623653467363,-11.98827999275677,0.06893158904395742,impulsive,10.0,0
464000,0.2167929203259041,-6.639549043899347,0.2017184151877759,impulsive,10.0,0
464000,0.05813818803389057,-12.355385078031414,0.10885737594287989,gaussian,15.0,0
480000,0.12915207778217547,-8.88898602556796,0.17395131432532412,regime_switch,10.0,0
480000,0.0763224541451832,-11.173476733536308,0.06456879108663342,gaussian,0.0,0
480000,0.04617109987983791,-13.356297796292987,0.07871006487394391,colored,5.0,0
480000,0.12519468226884437,-9.024141176903663,0.1317377146724811,regime_switch,15.0,0
480000,0.2426578711578386,-6.1500561679292645,0.2766499610951888,gaussian,0.0,0
480000,0.5638565790359512,-2.488313478849799,0.3838796926134838,regime_switch,10.0,0
480000,0.31182207604976486,-5.060931413356369,0.3380938774403155,regime_switch,5.0,0
480000,0.1201808897636718,-9.201645849919704,0.14814664306754663,impulsive,15.0,0
496000,0.11294011506572751,-9.471517741268592,0.17299777439876168,gaussian,10.0,0
496000,0.3112570004340858,-5.068808721335101,0.2708326103433475,impulsive,10.0,0
496000,0.46501718254301416,-3.325309994838488,0.39590481631386304,regime_switch,15.0,0
496000,0.049699244340161486,-13.03650214505273,0.05941592286453324,regime_switch,5.0,0
496000,0.16492553833159618,-7.8271208966682515,0.2218471866302906,regime_switch,15.0,0
496000,0.17496347457061182,-7.570526053002403,0.09774773784732682,regime_switch,20.0,0
496000,0.12616221463120378,-8.990706960733844,0.1292449270630678,gaussian,20.0,0
496000,0.10564257943353705,-9.761610033330651,0.11287398098122679,time_varying,0.0,0
512000,0.04906359400075927,-13.092406420659803,0.04673800752260817,impulsive,10.0,0
512000,0.028624497039450077,-15.432621355507866,0.03428737340392253,regime_switch,0.0,0
512000,0.0656330790718427,-11.828772210214925,0.10606212773264792,time_varying,0.0,0
512000,0.19358307947492842,-7.131326057640958,0.24285111476570748,time_varying,10.0,0
512000,0.0662091969355688,-11.790816797237557,0.06981767818306382,impulsive,10.0,0
512000,0.17641341662521848,-7.534683889028519,0.1957520691935383,impulsive,10.0,0
512000,0.04580333800318255,-13.391028708177071,0.05240796717831819,regime_switch,5.0,0
512000,0.12070224703918146,-9.182846448316672,0.07871882795433888,regime_switch,10.0,0
528000,0.032938309542076584,-14.822986934161904,0.04066012873580026,time_varying,5.0,0
528000,0.08978441771021163,-10.467990295826123,0.1042480101733754,gaussian,0.0,0
528000,0.09580604064335804,-10.186071074579292,0.08317805146099128,time_varying,20.0,0
528000,0.097787833111816,-10.097151773256304,0.1796376279345754,time_varying,5.0,0
528000,0.06798838468313162,-11.675652769771132,0.06185773163956435,regime_switch,5.0,0
528000,0.2732049616806953,-5.635114176866464,0.29804665690146054,time_varying,20.0,0
528000,0.263427569261321,-5.793387754944243,0.21936047506550022,regime_switch,10.0,0
528000,0.2238244771650737,-6.500924213068682,0.14766222896700054,time_varying,0.0,0
544000,0.19547912426758274,-7.088996152453292,0.2002038685483326,gaussian,5.0,0
544000,0.19381695497965376,-7.1260823382573735,0.160141288278597,gaussian,10.0,0
544000,0.1899201642039614,-7.2142892289834135,0.19848846247331106,impulsive,0.0,0
544000,0.19487799755452093,-7.102371915628978,0.20654053662813393,regime_switch,10.0,0
544000,0.15463880870071586,-8.106815046615,0.17882864960537256,gaussian,10.0,0
544000,0.09767106389347158,-10.102340816476405,0.06877944142266426,regime_switch,20.0,0
544000,0.15631066803766713,-8.060113808277665,0.14386077864673807,impulsive,5.0,0
544000,0.26165434824791767,-5.822720436309101,0.2585065642837033,time_varying,0.0,0
560000,0.14217918614540948,-8.47163976063155,0.18826498492766933,time_varying,0.0,0
560000,0.037178829896042584,-14.297042825913985,0.167596052402677,regime_switch,0.0,0
560000,0.31559719917590967,-5.008668596686072,0.3156791887106299,regime_switch,5.0,0
560000,0.24084855135186017,-6.18255961520405,0.22840833021842172,impulsive,5.0,0
560000,0.2548961120572301,-5.936367887933218,0.27309279560755056,time_varying,10.0,0
560000,0.44226108588293206,-3.5432127209177984,0.34543672120939756,time_varying,15.0,0
560000,0.6028522571240228,-2.1978910871743733,0.45541625235574756,regime_switch,0.0,0
560000,0.04706623080663103,-13.272905797896538,0.044651925668795986,gaussian,0.0,0
576000,0.09544725878895587,-10.202365398684389,0.16414420042187805,regime_switch,10.0,0
576000,0.5117331781062271,-2.909564247285389,0.41156952072307024,impulsive,10.0,0
576000,0.06633195377987988,-11.782772105448544,0.046733966769973136,time_varying,20.0,0
576000,0.18652935010210275,-7.292528229172756,0.1770837211269843,gaussian,10.0,0
576000,0.23296803335670277,-6.327036664794861,0.30857851270311254,impulsive,10.0,0
576000,0.05950346692191908,-12.254577297062593,0.08018428962390237,gaussian,0.0,0
576000,0.08113058802791594,-10.908153762742375,0.08696363216670625,gaussian,5.0,0
576000,0.35540297165143614,-4.492789452227273,0.3597887831126107,time_varying,15.0,0
592000,0.07674685734332935,-11.149393991206107,0.07591364700909803,gaussian,0.0,0
592000,0.04293172610570669,-13.672216499890503,0.04201229997186371,impulsive,15.0,0
592000,0.40130844014099276,-3.9652170628024552,0.33755525111049783,colored,15.0,0
592000,0.36632614391177004,-4.3613208556182474,0.30823140365635904,time_varying,15.0,0
592000,0.08244018652200655,-10.838610342894665,0.05504670059782749,colored,0.0,0
592000,0.1512012274914707,-8.204446831004029,0.23419414327703503,time_varying,0.0,0
592000,0.21685947049888463,-6.638216069667754,0.3461668894421879,regime_switch,20.0,0
592000,0.3436306562668573,-4.639080984669147,0.27710889076401274,regime_switch,10.0,0
608000,0.29796298271153193,-5.258376869380507,0.25890401749251457,regime_switch,5.0,0
608000,0.07019971784304894,-11.536646334402636,0.05514550724668136,gaussian,15.0,0
608000,0.05829601940861379,-12.343610988852333,0.06961811136170191,time_varying,5.0,0
608000,0.05939229934602123,-12.262698608756473,0.05067036955891383,gaussian,5.0,0
608000,0.3456257297914565,-4.613939343327754,0.3086277248443813,regime_switch,15.0,0
608000,0.43259503875632,-3.639184656012144,0.4790241237653208,impulsive,5.0,0
608000,0.2463714454327549,-6.084096285253545,0.27564251204279394,gaussian,15.0,0
608000,0.2433980777195261,-6.136828560100821,0.3625327771780539,regime_switch,20.0,0
624000,0.04267792612169225,-13.697966927000998,0.04484982505498583,gaussian,20.0,0
624000,0.23153274493114445,-6.353875794292589,0.28753864136488866,impulsive,20.0,0
624000,0.059068289669083895,-12.286456040126856,0.06348346457792899,regime_switch,0.0,0
624000,0.19477260332187446,-7.104721309402572,0.2048500705276862,colored,5.0,0
624000,0.14135250188353163,-8.496965002623245,0.12187506935806454,regime_switch,5.0,0
624000,0.1918182730965907,-7.17110023195378,0.19961465744457696,regime_switch,0.0,0
624000,0.277566387362297,-5.566331270733976,0.3148177575992371,impulsive,5.0,0
624000,0.0530507324450635,-12.753086156252653,0.04047280769357619,impulsive,5.0,0
640000,0.061043079823089055,-12.143635629158132,0.0914919325917048,time_varying,0.0,0
640000,0.1610524306759971,-7.930327162237305,0.10293710006301257,colored,20.0,0
640000,0.0833254914563586,-10.79222116172209,0.08072406438608906,regime_switch,15.0,0
640000,0.08489337794790683,-10.711261852850562,0.0785737494081908,time_varying,0.0,0
640000,0.09168025241072769,-10.377241996865719,0.08638241364986605,regime_switch,10.0,0
640000,0.032456035595622316,-14.8870452898477,0.05136052512395833,impulsive,0.0,0
640000,0.20877204258035717,-6.803276597194955,0.24570193517254812,regime_switch,20.0,0
640000,0.07471988094110713,-11.265638287777904,0.07444861775726035,regime_switch,10.0,0
656000,0.0780796902112062,-11.074619184381412,0.05580410506324959,regime_switch,20.0,0
656000,0.3083917271305447,-5.108972807809704,0.30423896635461706,time_varying,10.0,0
656000,0.04998946814155069,-13.011214838512135,0.07088612228141608,time_varying,5.0,0
656000,0.023030052433186433,-16.37705073244978,0.059805863889171,time_varying,5.0,0
656000,0.18614997496411412,-7.301370178528601,0.2388540065351499,time_varying,15.0,0
656000,0.06153062443661272,-12.109086774939081,0.061523027703377295,gaussian,15.0,0
656000,0.19112404813586908,-7.186846645093014,0.11860545744623963,gaussian,10.0,0
656000,0.11097066477306201,-9.547918122992492,0.1276588549088762,regime_switch,10.0,0
672000,0.11848867327329796,-9.263231633212287,0.12960332538071848,time_varying,15.0,0
672000,0.1346964140696086,-8.706439660444762,0.16702578883249716,impulsive,0.0,0
672000,0.18236463951848733,-7.390593674895908,0.27479011006841403,regime_switch,15.0,0
672000,0.39850309786336263,-3.995682981570307,0.4122252394401415,gaussian,10.0,0
672000,0.11724578608738065,-9.309027572393218,0.1192990117975951,colored,0.0,0
672000,0.4694488337307892,-3.284117355360385,0.46482010621187914,colored,15.0,0
672000,0.4777941389472775,-3.207591819993544,0.3923834471906929,time_varying,10.0,0
672000,0.34399511679721706,-4.6344772243614685,0.3232845726750287,regime_switch,0.0,0
688000,0.2387436353483833,-6.220681974174564,0.2355410160079317,regime_switch,10.0,0
688000,0.025868716433213493,-15.872251197708088,0.03361036469627139,colored,20.0,0
688000,0.3330859230958408,-4.7744372110812545,0.23072817202864027,regime_switch,10.0,0
688000,0.16430966456519341,-7.84336890951272,0.2469351200956149,time_varying,0.0,0
688000,0.18491971208025632,-7.330167914270067,0.15625681996301533,regime_switch,5.0,0
688000,0.2008899499207648,-6.970417894971286,0.1316943447506905,regime_switch,20.0,0
688000,0.2686639405474342,-5.707906196544429,0.25814870437356346,impulsive,10.0,0
688000,0.04433613992558162,-13.532421209094082,0.03903300693169166,impulsive,10.0,0
704000,0.2053930119004465,-6.874143365141464,0.23234869695943947,regime_switch,0.0,0
704000,0.1336132093892159,-8.74150604123242,0.17112713952217942,regime_switch,15.0,0
704000,0.05557076336160981,-12.551536373716825,0.0696894195817407,regime_switch,15.0,0
704000,0.27609453584567134,-5.589421883448772,0.3094877109861534,regime_switch,15.0,0
704000,0.03567400297437223,-14.47648155798317,0.03406200014788148,time_varying,20.0,0
704000,0.2039973143156701,-6.903755501482588,0.1877398084305842,impulsive,0.0,0
704000,0.23230312268793551,-6.33944952242561,0.1517624231989529,regime_switch,20.0,0
704000,0.02541254575948936,-15.949518263171072,0.05396550156790644,time_varying,10.0,0
720000,0.2876913399621422,-5.4107321097316525,0.27417400486238197,gaussian,10.0,0
720000,0.3209401112393331,-4.935760011914756,0.35920723299619056,regime_switch,10.0,0
720000,0.1692558240847464,-7.714563783309506,0.18691070035901192,colored,10.0,0
720000,0.022213324798368093,-16.533864331691333,0.020560025918422157,impulsive,20.0,0
720000,0.026497998971555567,-15.767869210816652,0.03467475495979083,gaussian,15.0,0
720000,0.38879959928501123,-4.102741913485507,0.4009537822213282,impulsive,5.0,0
720000,0.14644954429051563,-8.34311975378682,0.15144354617921604,regime_switch,15.0,0
720000,0.10281608831505451,-9.879389230819815,0.054593801745409745,time_varying,10.0,0
736000,0.1862855032167417,-7.2982094068887235,0.2606302471886528,regime_switch,10.0,0
736000,0.41475704261472024,-3.822062308776152,0.31288955001973023,regime_switch,15.0,0
736000,0.20199241470541676,-6.946649390335718,0.12553361045913206,time_varying,10.0,0
736000,0.025497754272272702,-15.934980685728906,0.03865726827681377,impulsive,20.0,0
736000,0.11589806868549155,-9.359238010147301,0.07265103747047094,time_varying,5.0,0
736000,0.1281910729432168,-8.92142217454149,0.10913747494993652,time_varying,15.0,0
736000,0.056404942753284205,-12.486828372071766,0.062482973259172826,gaussian,10.0,0
736000,0.062051807520647165,-12.072455633152273,0.08192680478979945,time_varying,10.0,0
752000,0.05921677041960139,-12.275552819645911,0.12712473015179174,impulsive,10.0,0
752000,0.020277701929930773,-16.92981265081673,0.033551151167597125,regime_switch,10.0,0
752000,0.16304417388274875,-7.876947153820688,0.16387475472312993,regime_switch,5.0,0
752000,0.03311550201445325,-14.799686568668708,0.028305411195828432,regime_switch,10.0,0
752000,0.03771313536442345,-14.235073600553246,0.06469430643403115,regime_switch,5.0,0
752000,0.04266015795727825,-13.699775408162289,0.06097874855550405,regime_switch,0.0,0
752000,0.20494169577927351,-6.8836967456567795,0.2671207493090263,colored,0.0,0
752000,0.08229523560930774,-10.846253070483293,0.10979148148868961,impulsive,15.0,0
768000,0.10201302583435558,-9.913443705201095,0.13347236925268155,regime_switch,15.0,0
768000,0.07363230924351272,-11.329315790367737,0.09144396701766772,impulsive,5.0,0
768000,0.40203745145750336,-3.957334886962032,0.3994288355817449,regime_switch,5.0,0
768000,0.17166109925134496,-7.653281107456208,0.19169471545901992,regime_switch,0.0,0
768000,0.0474563662725205,-13.237055187055944,0.05802495618912301,time_varying,20.0,0
768000,0.1513443816514876,-8.20033696693611,0.20375304429336966,regime_switch,10.0,0
768000,0.36333107482484156,-4.3969745639479,0.506329739630629,regime_switch,15.0,0
768000,0.030994968991882834,-15.087087937768898,0.037533983586279816,gaussian,5.0,0
784000,0.0417025784504809,-13.79837091965554,0.10320792461581858,impulsive,10.0,0
784000,0.21455295523097176,-6.684654991592794,0.22356994742095332,time_varying,0.0,0
784000,0.0171050341842968,-17.668760535180343,0.02701586675176782,regime_switch,0.0,0
784000,0.24053683111207813,-6.188184148224294,0.14638395866311488,regime_switch,10.0,0
784000,0.21054883048024073,-6.766471665778613,0.24236308805847584,regime_switch,20.0,0
784000,0.09632487912533733,-10.162615272907999,0.10462445517683322,impulsive,5.0,0
784000,0.2799377791098563,-5.5293848719942424,0.2902183752009602,impulsive,20.0,0
784000,0.06813188080660408,-11.666496220236217,0.07841035570464593,regime_switch,20.0,0
800000,0.1613936248163516,-7.921136242690148,0.10747669172521784,regime_switch,15.0,0
800000,0.012388048604216472,-19.069970993326958,0.047149192433578846,colored,0.0,0
800000,0.02442324347258024,-16.121966610651953,0.030335238288481208,colored,15.0,0
800000,0.018342909910401262,-17.36531766909289,0.05852774813372368,time_varying,20.0,0
800000,0.44528462210580416,-3.513623029587803,0.36602514699381267,gaussian,5.0,0
800000,0.032337704014930774,-14.90290818338378,0.035742469490543896,regime_switch,20.0,0
800000,0.4136709696352683,-3.8334495570384695,0.3654500910641608,impulsive,10.0,0
800000,0.09923832987965273,-10.033205532442457,0.09957957186572614,time_varying,5.0,0
