ablation,family,seed,snr_db,ss_mse_db
default,gaussian,0,0,-7.047181999078308
default,gaussian,1,0,-6.40159101293595
default,gaussian,2,0,-6.992676662734168
default,gaussian,0,10,-7.331899641900318
default,gaussian,1,10,-7.374549116761019
default,gaussian,2,10,-7.1912897228320976
default,gaussian,0,20,-7.647097739227884
default,gaussian,1,20,-8.686153285649391
default,gaussian,2,20,-8.662821189789508
default,colored,0,0,-6.741425349774513
default,colored,1,0,-6.509005768210087
default,colored,2,0,-7.481906555503723
default,colored,0,10,-7.266405543227117
default,colored,1,10,-7.343001347400149
default,colored,2,10,-8.359299149457978
default,colored,0,20,-7.632211169976807
default,colored,1,20,-8.080489267032293
default,colored,2,20,-9.394127088439637
default,impulsive,0,0,-7.855500895808238
default,impulsive,1,0,-7.082217534715881
default,impulsive,2,0,-6.27755875652875
default,impulsive,0,10,-7.645059459106215
default,impulsive,1,10,-7.7308670324986295
default,impulsive,2,10,-6.454997191097604
default,impulsive,0,20,-7.676781532034605
default,impulsive,1,20,-7.69074558669958
default,impulsive,2,20,-7.753520552834063
default,time_varying,0,0,-7.954155145848739
default,time_varying,1,0,-6.185785447129948
default,time_varying,2,0,-8.066906326851166
default,time_varying,0,10,-7.954155145848739
default,time_varying,1,10,-6.185785447129948
default,time_varying,2,10,-8.066906326851166
default,time_varying,0,20,-7.954155145848739
default,time_varying,1,20,-6.185785447129948
default,time_varying,2,20,-8.066906326851166
default,regime_switch,0,0,-7.415512823451305
default,regime_switch,1,0,-8.503855159398386
default,regime_switch,2,0,-8.25220188241157
default,regime_switch,0,10,-7.415512823451305
default,regime_switch,1,10,-8.503855159398386
default,regime_switch,2,10,-8.25220188241157
default,regime_switch,0,20,-7.415512823451305
default,regime_switch,1,20,-8.503855159398386
default,regime_switch,2,20,-8.25220188241157
reward=softplus,gaussian,0,0,-7.632024480674397
reward=softplus,gaussian,1,0,-8.521496977411342
reward=softplus,gaussian,2,0,-6.9525739555643415
reward=softplus,gaussian,0,10,-12.482273556899026
reward=softplus,gaussian,1,10,-12.077849890855973
reward=softplus,gaussian,2,10,-8.486331419776189
reward=softplus,gaussian,0,20,-16.942355671455683
reward=softplus,gaussian,1,20,-13.510819465865495
reward=softplus,gaussian,2,20,-10.112372624080429
reward=softplus,colored,0,0,-9.866303418996477
reward=softplus,colored,1,0,-9.894714612501156
reward=softplus,colored,2,0,-6.44484540786598
reward=softplus,colored,0,10,-14.012370530812486
reward=softplus,colored,1,10,-11.921680956677623
reward=softplus,colored,2,10,-9.10081717104633
reward=softplus,colored,0,20,-18.07518453960873
reward=softplus,colored,1,20,-13.293052010666361
reward=softplus,colored,2,20,-11.460902079710536
reward=softplus,impulsive,0,0,-8.63286013686258
reward=softplus,impulsive,1,0,-9.076478874211498
reward=softplus,impulsive,2,0,-6.307599909743913
reward=softplus,impulsive,0,10,-13.839506573968459
reward=softplus,impulsive,1,10,-12.758033666134574
reward=softplus,impulsive,2,10,-6.9748630904194
reward=softplus,impulsive,0,20,-18.335932065644464
reward=softplus,impulsive,1,20,-13.575412914858147
reward=softplus,impulsive,2,20,-9.678609719060784
reward=softplus,time_varying,0,0,-16.58874678603009
reward=softplus,time_varying,1,0,-10.477550514985257
reward=softplus,time_varying,2,0,-8.942943078649908
reward=softplus,time_varying,0,10,-16.58874678603009
reward=softplus,time_varying,1,10,-10.477550514985257
reward=softplus,time_varying,2,10,-8.942943078649908
reward=softplus,time_varying,0,20,-16.58874678603009
reward=softplus,time_varying,1,20,-10.477550514985257
reward=softplus,time_varying,2,20,-8.942943078649908
reward=softplus,regime_switch,0,0,-14.272052980934678
reward=softplus,regime_switch,1,0,-12.554563099836162
reward=softplus,regime_switch,2,0,-8.609600080349226
reward=softplus,regime_switch,0,10,-14.272052980934678
reward=softplus,regime_switch,1,10,-12.554563099836162
reward=softplus,regime_switch,2,10,-8.609600080349226
reward=softplus,regime_switch,0,20,-14.272052980934678
reward=softplus,regime_switch,1,20,-12.554563099836162
reward=softplus,regime_switch,2,20,-8.609600080349226
reward=neg_abs,gaussian,0,0,-5.113236001582836
reward=neg_abs,gaussian,1,0,-4.030986903478398
reward=neg_abs,gaussian,2,0,-6.4522517962670864
reward=neg_abs,gaussian,0,10,-2.6071156624190466
reward=neg_abs,gaussian,1,10,-1.4725230347701594
reward=neg_abs,gaussian,2,10,-4.27364887272633
reward=neg_abs,gaussian,0,20,-18.373979879407884
reward=neg_abs,gaussian,1,20,-1.1380457875319776
reward=neg_abs,gaussian,2,20,-3.84464635116567
reward=neg_abs,colored,0,0,-4.50867400231888
reward=neg_abs,colored,1,0,-4.268875565849606
reward=neg_abs,colored,2,0,-5.532269136209386
reward=neg_abs,colored,0,10,-2.689768341099548
reward=neg_abs,colored,1,10,-1.4967726748963763
reward=neg_abs,colored,2,10,-4.420999539738966
reward=neg_abs,colored,0,20,-22.355618227551584
reward=neg_abs,colored,1,20,-1.1394078588857746
reward=neg_abs,colored,2,20,-3.971877685518386
reward=neg_abs,impulsive,0,0,-5.487128736631693
reward=neg_abs,impulsive,1,0,-4.377612432103735
reward=neg_abs,impulsive,2,0,-6.379873377177062
reward=neg_abs,impulsive,0,10,-2.7205200057076073
reward=neg_abs,impulsive,1,10,-1.506870350687147
reward=neg_abs,impulsive,2,10,-3.9807109464890624
reward=neg_abs,impulsive,0,20,-18.557404824079654
reward=neg_abs,impulsive,1,20,-1.1451513800395086
reward=neg_abs,impulsive,2,20,-3.8602532873892326
reward=neg_abs,time_varying,0,0,-2.7187696309476896
reward=neg_abs,time_varying,1,0,-1.921043050944886
reward=neg_abs,time_varying,2,0,-4.764567138220653
reward=neg_abs,time_varying,0,10,-2.7187696309476896
reward=neg_abs,time_varying,1,10,-1.921043050944886
reward=neg_abs,time_varying,2,10,-4.764567138220653
reward=neg_abs,time_varying,0,20,-2.7187696309476896
reward=neg_abs,time_varying,1,20,-1.921043050944886
reward=neg_abs,time_varying,2,20,-4.764567138220653
reward=neg_abs,regime_switch,0,0,-2.7757820531220254
reward=neg_abs,regime_switch,1,0,-1.3262501774242632
reward=neg_abs,regime_switch,2,0,-8.030311158153344
reward=neg_abs,regime_switch,0,10,-2.7757820531220254
reward=neg_abs,regime_switch,1,10,-1.3262501774242632
reward=neg_abs,regime_switch,2,10,-8.030311158153344
reward=neg_abs,regime_switch,0,20,-2.7757820531220254
reward=neg_abs,regime_switch,1,20,-1.3262501774242632
reward=neg_abs,regime_switch,2,20,-8.030311158153344
no_curriculum,gaussian,0,0,-7.597792911586678
no_curriculum,gaussian,1,0,-8.451849300623968
no_curriculum,gaussian,2,0,-7.000850893872892
no_curriculum,gaussian,0,10,-10.067902762674677
no_curriculum,gaussian,1,10,-14.142924004704254
no_curriculum,gaussian,2,10,-8.822222484437916
no_curriculum,gaussian,0,20,-12.18518364454219
no_curriculum,gaussian,1,20,-16.640482702706997
no_curriculum,gaussian,2,20,-14.304073248025029
no_curriculum,colored,0,0,-8.57025484544135
no_curriculum,colored,1,0,-10.738415621560208
no_curriculum,colored,2,0,-7.302200963235846
no_curriculum,colored,0,10,-11.160132907687522
no_curriculum,colored,1,10,-15.701615694941136
no_curriculum,colored,2,10,-10.22112104128237
no_curriculum,colored,0,20,-11.526231314626557
no_curriculum,colored,1,20,-17.98219566488833
no_curriculum,colored,2,20,-13.087735197175796
no_curriculum,impulsive,0,0,-8.529294041705512
no_curriculum,impulsive,1,0,-9.32603042870034
no_curriculum,impulsive,2,0,-6.526633391388906
no_curriculum,impulsive,0,10,-10.734351621577751
no_curriculum,impulsive,1,10,-14.172767591097235
no_curriculum,impulsive,2,10,-8.355250691603285
no_curriculum,impulsive,0,20,-12.140437167799472
no_curriculum,impulsive,1,20,-17.265177423565877
no_curriculum,impulsive,2,20,-11.426861626195192
no_curriculum,time_varying,0,0,-11.547473483195215
no_curriculum,time_varying,1,0,-11.706881331586468
no_curriculum,time_varying,2,0,-11.705117457207399
no_curriculum,time_varying,0,10,-11.547473483195215
no_curriculum,time_varying,1,10,-11.706881331586468
no_curriculum,time_varying,2,10,-11.705117457207399
no_curriculum,time_varying,0,20,-11.547473483195215
no_curriculum,time_varying,1,20,-11.706881331586468
no_curriculum,time_varying,2,20,-11.705117457207399
no_curriculum,regime_switch,0,0,-12.143037527791014
no_curriculum,regime_switch,1,0,-15.306029289605865
no_curriculum,regime_switch,2,0,-9.299992279073773
no_curriculum,regime_switch,0,10,-12.143037527791014
no_curriculum,regime_switch,1,10,-15.306029289605865
no_curriculum,regime_switch,2,10,-9.299992279073773
no_curriculum,regime_switch,0,20,-12.143037527791014
no_curriculum,regime_switch,1,20,-15.306029289605865
no_curriculum,regime_switch,2,20,-9.299992279073773
lstm=128,gaussian,0,0,-7.927387229922279
lstm=128,gaussian,1,0,-9.313032662454084
lstm=128,gaussian,2,0,-7.742147217085335
lstm=128,gaussian,0,10,-11.481197949120299
lstm=128,gaussian,1,10,-16.187013969257993
lstm=128,gaussian,2,10,-12.015197233311241
lstm=128,gaussian,0,20,-16.142077591707366
lstm=128,gaussian,1,20,-23.469613350612192
lstm=128,gaussian,2,20,-23.09586874823875
lstm=128,colored,0,0,-10.073787724285964
lstm=128,colored,1,0,-12.16982634792884
lstm=128,colored,2,0,-7.331013065931089
lstm=128,colored,0,10,-14.239737636153421
lstm=128,colored,1,10,-18.132296037145746
lstm=128,colored,2,10,-10.971260154289643
lstm=128,colored,0,20,-18.658593424059585
lstm=128,colored,1,20,-25.160024736039077
lstm=128,colored,2,20,-27.139606290982748
lstm=128,impulsive,0,0,-9.024337322970531
lstm=128,impulsive,1,0,-9.78923360384356
lstm=128,impulsive,2,0,-6.7924960854953875
lstm=128,impulsive,0,10,-12.664558304800874
lstm=128,impulsive,1,10,-16.821290372450974
lstm=128,impulsive,2,10,-10.645386388849738
lstm=128,impulsive,0,20,-16.816441749131087
lstm=128,impulsive,1,20,-23.686108199948638
lstm=128,impulsive,2,20,-20.289242401914315
lstm=128,time_varying,0,0,-15.203009035073586
lstm=128,time_varying,1,0,-12.57395802790751
lstm=128,time_varying,2,0,-15.73229271569545
lstm=128,time_varying,0,10,-15.203009035073586
lstm=128,time_varying,1,10,-12.57395802790751
lstm=128,time_varying,2,10,-15.73229271569545
lstm=128,time_varying,0,20,-15.203009035073586
lstm=128,time_varying,1,20,-12.57395802790751
lstm=128,time_varying,2,20,-15.73229271569545
lstm=128,regime_switch,0,0,-14.522887967744342
lstm=128,regime_switch,1,0,-19.392290034253875
lstm=128,regime_switch,2,0,-9.187069949626022
lstm=128,regime_switch,0,10,-14.522887967744342
lstm=128,regime_switch,1,10,-19.392290034253875
lstm=128,regime_switch,2,10,-9.187069949626022
lstm=128,regime_switch,0,20,-14.522887967744342
lstm=128,regime_switch,1,20,-19.392290034253875
lstm=128,regime_switch,2,20,-9.187069949626022
lstm=64,gaussian,0,0,-7.305589361367966
lstm=64,gaussian,1,0,-7.485981089459282
lstm=64,gaussian,2,0,-7.362551037151519
lstm=64,gaussian,0,10,-9.268258785430362
lstm=64,gaussian,1,10,-9.431781346630363
lstm=64,gaussian,2,10,-7.896183936210588
lstm=64,gaussian,0,20,-10.310407249368845
lstm=64,gaussian,1,20,-10.5106731574248
lstm=64,gaussian,2,20,-8.472983391691095
lstm=64,colored,0,0,-8.006522065742448
lstm=64,colored,1,0,-8.341483799691584
lstm=64,colored,2,0,-7.711062856080878
lstm=64,colored,0,10,-9.987400067326217
lstm=64,colored,1,10,-9.827667034273414
lstm=64,colored,2,10,-8.372588670524427
lstm=64,colored,0,20,-10.529349954806905
lstm=64,colored,1,20,-10.871261325091366
lstm=64,colored,2,20,-8.63451237736017
lstm=64,impulsive,0,0,-8.172310932945646
lstm=64,impulsive,1,0,-8.10627371577134
lstm=64,impulsive,2,0,-6.607271979587402
lstm=64,impulsive,0,10,-9.572205624182486
lstm=64,impulsive,1,10,-9.72795846915933
lstm=64,impulsive,2,10,-7.625505799478534
lstm=64,impulsive,0,20,-10.382757042086649
lstm=64,impulsive,1,20,-10.822769832076087
lstm=64,impulsive,2,20,-8.428806573643312
lstm=64,time_varying,0,0,-10.369538082259059
lstm=64,time_varying,1,0,-9.099012462573558
lstm=64,time_varying,2,0,-8.622267940295231
lstm=64,time_varying,0,10,-10.369538082259059
lstm=64,time_varying,1,10,-9.099012462573558
lstm=64,time_varying,2,10,-8.622267940295231
lstm=64,time_varying,0,20,-10.369538082259059
lstm=64,time_varying,1,20,-9.099012462573558
lstm=64,time_varying,2,20,-8.622267940295231
lstm=64,regime_switch,0,0,-10.171904896798535
lstm=64,regime_switch,1,0,-10.88252982538851
lstm=64,regime_switch,2,0,-9.205557089653135
lstm=64,regime_switch,0,10,-10.171904896798535
lstm=64,regime_switch,1,10,-10.88252982538851
lstm=64,regime_switch,2,10,-9.205557089653135
lstm=64,regime_switch,0,20,-10.171904896798535
lstm=64,regime_switch,1,20,-10.88252982538851
lstm=64,regime_switch,2,20,-9.205557089653135
mu_max=1.0,gaussian,0,0,-7.18563072133651
mu_max=1.0,gaussian,1,0,-9.691614430110917
mu_max=1.0,gaussian,2,0,-7.686332691531982
mu_max=1.0,gaussian,0,10,-13.104382820608457
mu_max=1.0,gaussian,1,10,-16.911819959780075
mu_max=1.0,gaussian,2,10,-14.52904141056862
mu_max=1.0,gaussian,0,20,-23.353055772947258
mu_max=1.0,gaussian,1,20,-22.237888592467407
mu_max=1.0,gaussian,2,20,-23.94898812559431
mu_max=1.0,colored,0,0,-11.152474593812627
mu_max=1.0,colored,1,0,-12.694919607021859
mu_max=1.0,colored,2,0,-9.105347066989316
mu_max=1.0,colored,0,10,-19.24491297337822
mu_max=1.0,colored,1,10,-18.442261860837753
mu_max=1.0,colored,2,10,-16.55162703624932
mu_max=1.0,colored,0,20,-27.43281248623596
mu_max=1.0,colored,1,20,-22.59824186325435
mu_max=1.0,colored,2,20,-24.968163829164137
mu_max=1.0,impulsive,0,0,-8.704140252020364
mu_max=1.0,impulsive,1,0,-9.93538937845311
mu_max=1.0,impulsive,2,0,-5.980001204027456
mu_max=1.0,impulsive,0,10,-14.969243271226063
mu_max=1.0,impulsive,1,10,-17.853117043124303
mu_max=1.0,impulsive,2,10,-11.792214910058394
mu_max=1.0,impulsive,0,20,-25.13418948015405
mu_max=1.0,impulsive,1,20,-22.679009760457692
mu_max=1.0,impulsive,2,20,-20.922587698598054
mu_max=1.0,time_varying,0,0,-21.54528304798456
mu_max=1.0,time_varying,1,0,-13.701973351779962
mu_max=1.0,time_varying,2,0,-18.352228893617976
mu_max=1.0,time_varying,0,10,-21.54528304798456
mu_max=1.0,time_varying,1,10,-13.701973351779962
mu_max=1.0,time_varying,2,10,-18.352228893617976
mu_max=1.0,time_varying,0,20,-21.54528304798456
mu_max=1.0,time_varying,1,20,-13.701973351779962
mu_max=1.0,time_varying,2,20,-18.352228893617976
mu_max=1.0,regime_switch,0,0,-18.372743561497888
mu_max=1.0,regime_switch,1,0,-19.63921082106712
mu_max=1.0,regime_switch,2,0,-10.820852374603502
mu_max=1.0,regime_switch,0,10,-18.372743561497888
mu_max=1.0,regime_switch,1,10,-19.63921082106712
mu_max=1.0,regime_switch,2,10,-10.820852374603502
mu_max=1.0,regime_switch,0,20,-18.372743561497888
mu_max=1.0,regime_switch,1,20,-19.63921082106712
mu_max=1.0,regime_switch,2,20,-10.820852374603502
