step,ss_mse,ss_mse_db,family,snr_db,seed
4000,105.63771996494766,20.238190190274334,time_varying,15.0,42
4000,33.43150315922266,15.24155903935674,impulsive,10.0,42
4000,13.610446461304713,11.338723715296577,gaussian,20.0,42
4000,13.712004108341711,11.371009347009359,impulsive,15.0,42
8000,20.086572545246664,13.029058376106061,time_varying,0.0,42
8000,106.9073918955057,20.290077346610076,time_varying,5.0,42
8000,231.36728390234097,23.64301948283865,colored,5.0,42
8000,16.29977015692806,12.121814804603266,time_varying,10.0,42
12000,11.794109930275098,10.716651714229481,time_varying,15.0,42
12000,0.237291144555279,-6.247184688711725,impulsive,10.0,42
12000,67.44202234391356,18.289305847429322,colored,5.0,42
12000,4.703661766525081,6.724360847065558,impulsive,20.0,42
16000,22.260584494450676,13.475365633851437,colored,15.0,42
16000,8.482359465439119,9.285166730457771,impulsive,0.0,42
16000,0.3850725937139799,-4.144573897696367,time_varying,15.0,42
16000,2.4981647328308507,3.9762107302970833,gaussian,20.0,42
20000,11.143613068866689,10.470260240033976,time_varying,10.0,42
20000,0.09120538631848285,-10.399795127707804,gaussian,10.0,42
20000,2.320502606446905,3.6558206056599762,gaussian,5.0,42
20000,18.428875298265176,12.654988313307708,impulsive,5.0,42
24000,6.583167424493832,8.184349003008933,colored,15.0,42
24000,5.43461880211997,7.351690869795604,time_varying,0.0,42
24000,0.11334273064835983,-9.456063285600294,time_varying,15.0,42
24000,0.21384830099439897,-6.698941958221997,impulsive,5.0,42
28000,13.071315270729778,11.163192896525443,gaussian,20.0,42
28000,0.12495845210280386,-9.03234363163799,impulsive,0.0,42
28000,0.11545933001021072,-9.375709669593205,colored,10.0,42
28000,0.6868794179719158,-1.6311949686378926,gaussian,0.0,42
32000,74.52288748088546,18.722896738237896,time_varying,5.0,42
32000,0.12708336570256829,-8.959112917428191,gaussian,15.0,42
32000,0.1805320076066653,-7.434457882456183,time_varying,10.0,42
32000,6.533441111028496,8.151419809540544,time_varying,10.0,42
36000,13.01355878872423,11.143960783414197,colored,0.0,42
36000,0.07043082793933118,-11.522372062860198,gaussian,20.0,42
36000,4.343082003941272,6.37798029574847,colored,15.0,42
36000,0.08135867646377765,-10.895961250892336,gaussian,15.0,42
40000,12.228472110064171,10.873721973780754,impulsive,20.0,42
40000,0.16018217846219945,-7.9538580426696415,colored,10.0,42
40000,0.10245502665511864,-9.894667293519866,gaussian,15.0,42
40000,2.5575686203270847,4.078272947908602,colored,0.0,42
44000,0.6334248513754251,-1.9830490180413336,gaussian,20.0,42
44000,0.17922631731255234,-7.465982188654624,impulsive,0.0,42
44000,0.43488893197839473,-3.61621645085735,colored,15.0,42
44000,46.62263431714504,16.68596808804417,gaussian,15.0,42
48000,0.043059724176530194,-13.65928756411284,gaussian,15.0,42
48000,0.09888470978772072,-10.048708567117677,gaussian,20.0,42
48000,0.0826217262949469,-10.829057351283566,time_varying,20.0,42
48000,0.04157925922368605,-13.811232523180896,time_varying,5.0,42
52000,0.07267752782873163,-11.385998539034377,colored,20.0,42
52000,3.324879495237542,5.2177590963872555,impulsive,15.0,42
52000,0.07758226851270454,-11.10237525733898,impulsive,20.0,42
52000,22.62629882219332,13.546135184903639,colored,20.0,42
56000,0.032309282548215426,-14.906726856956409,colored,20.0,42
56000,11.206950961244786,10.494874715760165,impulsive,5.0,42
56000,0.4268506729590293,-3.69724029546052,impulsive,0.0,42
56000,0.08510469766317579,-10.700464667859052,impulsive,5.0,42
60000,0.16140853202399846,-7.9207351228160086,time_varying,20.0,42
60000,0.02626876265246471,-15.805603834540634,gaussian,20.0,42
60000,13.260225858984224,11.225509213896894,gaussian,20.0,42
60000,0.06983649614793876,-11.559175582680403,impulsive,10.0,42
64000,1.0306755660840268,0.13121980479664774,colored,5.0,42
64000,0.34683888207455027,-4.598722222560621,colored,5.0,42
64000,0.26897364279387537,-5.702902752004593,colored,5.0,42
64000,1.320088345199585,1.206029967734479,gaussian,15.0,42
68000,11.9640235856398,10.778772605197249,colored,15.0,42
68000,0.2284854383695287,-6.4114147277943285,colored,0.0,42
68000,0.040269609722148075,-13.950225793795202,impulsive,20.0,42
68000,0.23755086109190876,-6.242433909773757,impulsive,10.0,42
72000,14.69225705116885,11.670885180212043,impulsive,0.0,42
72000,27.174259370476815,14.341577163021093,gaussian,5.0,42
72000,6.981107974994661,8.439243551790263,colored,20.0,42
72000,11.467410334735154,10.59465353008812,colored,15.0,42
76000,0.09780992015159953,-10.096170956311303,colored,5.0,42
76000,1.1846025803975542,0.7357267432183565,colored,0.0,42
76000,0.09926680913403105,-10.031959380008178,time_varying,15.0,42
76000,0.01903109223891873,-17.20536285798255,gaussian,20.0,42
80000,0.39184725791871794,-4.068831880041418,colored,0.0,42
80000,0.05438694979760449,-12.645052971837343,impulsive,10.0,42
80000,10.15120065853802,10.065174125487054,impulsive,5.0,42
80000,0.03337094933427839,-14.766314383794175,gaussian,10.0,42
84000,0.05497456496596694,-12.598381986782815,colored,15.0,42
84000,0.419414540363242,-3.7735651738404554,impulsive,5.0,42
84000,3.8930489745689605,5.9028986717865575,time_varying,10.0,42
84000,0.14475505690238213,-8.39366255601404,gaussian,0.0,42
88000,0.017466929539174014,-17.577834316488406,colored,15.0,42
88000,0.21491334624728756,-6.677366137221079,colored,0.0,42
88000,0.11246634660889307,-9.489774123802055,gaussian,15.0,42
88000,0.7360217942877634,-1.3310932560922701,gaussian,0.0,42
92000,129.82143088400295,21.13346391589147,impulsive,0.0,42
92000,2.1698014447733334,3.3641999404014538,time_varying,15.0,42
92000,0.08648674706337407,-10.630504372493942,colored,10.0,42
92000,0.10267945553875021,-9.885164428512857,gaussian,0.0,42
96000,0.028748524391863213,-15.41384441912905,time_varying,10.0,42
96000,0.2033518507718573,-6.917518705828191,colored,5.0,42
96000,1.8287160506159974,2.621462767046265,time_varying,10.0,42
96000,0.05762966536897402,-12.393539021676581,colored,10.0,42
100000,25.388239273989015,14.046325827128124,gaussian,5.0,42
100000,0.02343520959163187,-16.30131158016763,time_varying,15.0,42
100000,0.048926435027391676,-13.104564274835106,impulsive,10.0,42
100000,0.2230314222626896,-6.5163394612504675,time_varying,0.0,42
104000,1.691398194389436,2.2824586263535203,gaussian,20.0,42
104000,0.08303211415436104,-10.807539039734376,time_varying,15.0,42
104000,0.022255116037288906,-16.525701369619043,time_varying,15.0,42
104000,0.7279722509186319,-1.3788517494817978,time_varying,20.0,42
108000,0.0733776180577645,-11.34436390164218,colored,15.0,42
108000,4.5335519140534615,6.564385932342081,time_varying,20.0,42
108000,0.28696633612385825,-5.421690471430615,gaussian,0.0,42
108000,0.28072701332282135,-5.5171579480052895,time_varying,10.0,42
112000,0.11137124239018209,-9.532269355818194,impulsive,20.0,42
112000,0.36138318769924505,-4.420320555903866,gaussian,5.0,42
112000,0.2432024636593121,-6.140320299393542,colored,0.0,42
112000,0.03173758511767696,-14.984261213597453,gaussian,20.0,42
116000,0.47107912877471014,-3.269061368110834,gaussian,5.0,42
116000,0.14837711415577012,-8.286330799323627,time_varying,0.0,42
116000,0.026604266512904866,-15.750487101786447,impulsive,20.0,42
116000,0.07909360957045596,-11.01858604238961,impulsive,5.0,42
120000,53.511290695517616,17.284454263093572,gaussian,0.0,42
120000,0.01101202944393199,-19.58132636022406,gaussian,15.0,42
120000,0.015506409497025664,-18.094887512329752,gaussian,10.0,42
120000,27.522090576420535,14.396814198003922,colored,0.0,42
124000,0.0760071074538798,-11.191457947703984,gaussian,0.0,42
124000,0.03095932907884562,-15.092084594903737,impulsive,10.0,42
124000,18.594947462147676,12.693949556484114,time_varying,5.0,42
124000,0.0559836669281688,-12.5193865865751,gaussian,5.0,42
128000,0.10411792140116091,-9.82474510679806,time_varying,20.0,42
128000,3.3193728639482356,5.210560392903121,gaussian,15.0,42
128000,127.5960302561926,21.05837162906708,gaussian,0.0,42
128000,0.00995935920957264,-20.017686033699622,time_varying,10.0,42
132000,0.06848291091443266,-11.64417787938941,colored,0.0,42
132000,25.415692893632926,14.051019541244914,time_varying,5.0,42
132000,0.03134108197285773,-15.038860146585936,time_varying,20.0,42
132000,0.1761106758626633,-7.542143162181639,colored,10.0,42
136000,0.9217614408990207,-0.3538146322668884,time_varying,15.0,42
136000,0.0059268891050979116,-22.271731984671234,impulsive,20.0,42
136000,23.710177248176056,13.749348006090399,impulsive,15.0,42
136000,2.918431444159441,4.65149495908122,impulsive,10.0,42
140000,0.38761435869136973,-4.116001434237452,time_varying,15.0,42
140000,0.08519223554373724,-10.695999852067317,gaussian,10.0,42
140000,0.04496376549812155,-13.471373258417433,impulsive,20.0,42
140000,0.07178895126073354,-11.439423910681942,gaussian,20.0,42
144000,0.3485197581477304,-4.577725960115088,gaussian,10.0,42
144000,0.00279368118787725,-25.538231564936314,time_varying,0.0,42
144000,0.0035708013304040095,-24.472343119677106,impulsive,15.0,42
144000,0.006849763906785519,-21.643243971664027,gaussian,15.0,42
148000,0.25414415666198786,-5.949198712384528,gaussian,0.0,42
148000,0.005565316813459823,-22.545101077254404,time_varying,5.0,42
148000,0.3385334710861175,-4.703983857977254,gaussian,20.0,42
148000,0.9809398280982055,-0.08357631892178628,gaussian,0.0,42
152000,0.011916934852003947,-19.23835434831306,impulsive,20.0,42
152000,0.005141845130072313,-22.88881008154768,gaussian,15.0,42
152000,0.11495642881899142,-9.394667362435401,impulsive,0.0,42
152000,0.0757319067550826,-11.20721108496658,impulsive,20.0,42
156000,0.02612994470201678,-15.828615093388851,colored,10.0,42
156000,0.0974067050686748,-10.11411147078939,impulsive,0.0,42
156000,0.29118499257964486,-5.358310119392455,gaussian,0.0,42
156000,0.04154936152183346,-13.81435645507806,colored,20.0,42
160000,3.9485901107080394,5.964420534892991,colored,0.0,42
160000,0.005368725679358443,-22.701287861187552,gaussian,15.0,42
160000,0.09644497024209488,-10.15720416569895,colored,20.0,42
160000,0.032853361395091596,-14.834201889325147,impulsive,15.0,42
164000,0.007839511992416382,-21.05710971137348,gaussian,15.0,42
164000,0.004579683758442773,-23.391645102648567,time_varying,15.0,42
164000,0.021174519492203715,-16.741864361952672,gaussian,15.0,42
164000,0.012713969366055415,-18.95718839290242,colored,10.0,42
168000,0.058196926230581855,-12.350999527369684,colored,5.0,42
168000,0.08166190636412302,-10.879804858606146,gaussian,15.0,42
168000,0.003184769791566617,-24.96921954672843,impulsive,15.0,42
168000,0.06846911352113355,-11.645052949592912,gaussian,5.0,42
172000,0.09784757148301759,-10.094499487916586,colored,10.0,42
172000,0.07098181560186154,-11.488528962786537,impulsive,10.0,42
172000,0.07037814517913907,-11.525621832047975,time_varying,0.0,42
172000,0.004384642467685838,-23.5806581397578,gaussian,15.0,42
176000,3.867830074258948,5.874673859300186,time_varying,15.0,42
176000,0.0525824225038282,-12.791594095525184,time_varying,15.0,42
176000,0.43898341934201246,-3.575518830012161,gaussian,10.0,42
176000,0.012822999487547636,-18.92010375054561,gaussian,20.0,42
180000,0.07510146567488558,-11.243515872469896,gaussian,0.0,42
180000,0.0024080092322572655,-26.183418521546646,impulsive,15.0,42
180000,0.11484630905217469,-9.398829576617892,gaussian,0.0,42
180000,0.34424626332772923,-4.63130765158246,colored,0.0,42
184000,0.023602878256048045,-16.270350336852346,impulsive,5.0,42
184000,0.22344838064355468,-6.508227883729775,impulsive,0.0,42
184000,0.6119827877971041,-2.1326079234696236,gaussian,15.0,42
184000,0.015093203745188776,-18.212185652865813,impulsive,15.0,42
188000,0.021081319150753185,-16.761022168749385,impulsive,20.0,42
188000,0.0012860194336143387,-28.90752468206518,gaussian,20.0,42
188000,0.020217736052916654,-16.942674775451582,colored,5.0,42
188000,0.008369459834395803,-20.77302570450825,impulsive,15.0,42
192000,0.1734868468556992,-7.607334462569351,impulsive,10.0,42
192000,0.02836016110025468,-15.472913064513401,impulsive,5.0,42
192000,7.073354200005893,8.496254060333808,time_varying,5.0,42
192000,0.09949391045486408,-10.022034995190705,time_varying,5.0,42
196000,0.0729607678864062,-11.369106038530463,time_varying,5.0,42
196000,0.010645897857689171,-19.72817704950834,colored,10.0,42
196000,0.021243294877718963,-16.727781223989965,time_varying,5.0,42
196000,0.04395436968358674,-13.569979434441347,impulsive,5.0,42
200000,0.0575218963252289,-12.401668049888436,impulsive,20.0,42
200000,0.032991937407575965,-14.815921803277082,impulsive,15.0,42
200000,0.09462393225329833,-10.239990080856103,impulsive,10.0,42
200000,0.10531472057390961,-9.775109201950338,colored,15.0,42
204000,0.001012458260464378,-29.946228715101697,colored,20.0,42
204000,0.02054023819479216,-16.873945243941286,colored,5.0,42
204000,0.004127492389514499,-23.843137187340023,impulsive,15.0,42
204000,0.008737818666932667,-20.58596972253296,colored,20.0,42
208000,0.040324019858799846,-13.944361800370459,impulsive,5.0,42
208000,0.1176629157419763,-9.29360393791548,time_varying,15.0,42
208000,0.3618964492581533,-4.414156779438078,gaussian,5.0,42
208000,0.021831839172731918,-16.60909676596956,gaussian,10.0,42
212000,4.227036409458409,6.260359886284536,gaussian,0.0,42
212000,0.013499096248321955,-18.69695306102826,colored,10.0,42
212000,0.0037293531194516746,-24.28366492744115,impulsive,15.0,42
212000,0.04349095570016589,-13.616010487342434,time_varying,5.0,42
216000,38.08710504626411,15.807779637291349,gaussian,0.0,42
216000,2.3621877777872715,3.7331441809367574,colored,0.0,42
216000,36.34291054722821,15.604197051399867,time_varying,10.0,42
216000,0.0018368456489245195,-27.359273359110617,colored,20.0,42
220000,0.09152712104123965,-10.384501980239557,time_varying,5.0,42
220000,0.0323661690241602,-14.899087021944084,colored,5.0,42
220000,0.32393491319134887,-4.895422418951874,gaussian,10.0,42
220000,0.005814238111071029,-22.3550718642163,colored,15.0,42
224000,0.04365884780903575,-13.599277298349959,impulsive,5.0,42
224000,0.1799650809123013,-7.448117539958012,gaussian,5.0,42
224000,0.1236633978488551,-9.07758824736957,impulsive,0.0,42
224000,0.003907596804478311,-24.080902541112643,colored,20.0,42
228000,0.40171307298160436,-3.9608403475619514,time_varying,20.0,42
228000,0.026679876639520775,-15.73816182793906,gaussian,10.0,42
228000,0.3978976570288792,-4.002286181343118,gaussian,0.0,42
228000,0.0019159344936377728,-27.176193434326677,impulsive,20.0,42
232000,0.04519251062374336,-13.44933531202878,colored,20.0,42
232000,0.032642456469325336,-14.862171663592104,time_varying,0.0,42
232000,0.329393329814425,-4.822851995004607,time_varying,20.0,42
232000,0.09992584460557269,-10.003221722505074,impulsive,15.0,42
236000,0.3038336775285852,-5.173640897403573,time_varying,0.0,42
236000,0.3294694452201353,-4.821848553860643,colored,10.0,42
236000,0.6732772222912021,-1.7180607794277447,time_varying,5.0,42
236000,0.07860334201913094,-11.045589884383858,time_varying,0.0,42
240000,0.008168101458760946,-20.878788763152883,colored,15.0,42
240000,0.02844058515142753,-15.460614724339717,colored,15.0,42
240000,0.004432256247541885,-23.533751390488806,gaussian,15.0,42
240000,0.03068082293172501,-15.131329957547283,time_varying,5.0,42
244000,0.9480373325823563,-0.23174560324685092,gaussian,0.0,42
244000,0.13663558292146863,-8.64436186053524,impulsive,20.0,42
244000,0.02197807675094005,-16.580103143039892,impulsive,15.0,42
244000,5.3575218301052665,7.289639493219625,time_varying,10.0,42
248000,0.0025570643787209456,-25.92258337517045,gaussian,20.0,42
248000,0.5424505357632823,-2.656398575237308,colored,20.0,42
248000,0.06918738559488515,-11.59973079899939,gaussian,10.0,42
248000,0.21812301007569582,-6.612985177215127,impulsive,0.0,42
252000,0.012373734085671783,-19.074992212667205,colored,10.0,42
252000,4.074676484946855,6.100931329828795,time_varying,10.0,42
252000,0.24081674775804346,-6.183133130686475,impulsive,0.0,42
252000,0.002001392807442935,-26.98667665088411,impulsive,20.0,42
256000,0.190850321524376,-7.193071040587181,time_varying,5.0,42
256000,0.32921158969615805,-4.825248841130978,colored,0.0,42
256000,0.07437078556097337,-11.285976311328145,time_varying,20.0,42
256000,0.15436882023074486,-8.114404149377801,time_varying,5.0,42
260000,0.022926028259239017,-16.396711765856157,gaussian,20.0,42
260000,0.5614918635604655,-2.506565326099323,gaussian,0.0,42
260000,0.025990177692024687,-15.851907512478798,time_varying,5.0,42
260000,0.1923298780413643,-7.1595324378549465,impulsive,0.0,42
264000,0.011300925736897902,-19.468859789596575,time_varying,5.0,42
264000,0.0032749765090165175,-24.847918106666384,colored,20.0,42
264000,0.0012930275524041415,-28.883922205458397,gaussian,20.0,42
264000,0.020879464617696308,-16.802806414996066,impulsive,10.0,42
268000,0.07279148608844198,-11.379194141018568,gaussian,20.0,42
268000,0.05563666903087408,-12.546388791181693,colored,20.0,42
268000,24.491590107496155,13.890169824498876,time_varying,5.0,42
268000,0.2072831045429383,-6.83436095409127,time_varying,10.0,42
272000,0.03621572107734053,-14.411028632942283,gaussian,15.0,42
272000,0.004261319324639455,-23.704559203484994,time_varying,20.0,42
272000,0.02468696040584778,-16.075323794806856,impulsive,5.0,42
272000,22.763413807896487,13.572373933449441,gaussian,5.0,42
276000,0.017573630934626095,-17.551384984710097,impulsive,20.0,42
276000,0.2297816811673856,-6.386845974258212,gaussian,0.0,42
276000,0.06037491330490401,-12.191434798560758,impulsive,10.0,42
276000,0.015472480364244454,-18.104400597594914,time_varying,15.0,42
280000,0.009547696140199666,-20.201014110205556,impulsive,10.0,42
280000,0.18706579786819752,-7.280056093705902,colored,15.0,42
280000,0.17751069783832465,-7.5077546867882425,time_varying,5.0,42
280000,0.9305325169710428,-0.3126844607455586,time_varying,5.0,42
284000,0.046511210141492634,-13.324423607385427,colored,5.0,42
284000,0.014476893404552186,-18.39324623330562,colored,10.0,42
284000,0.068737697286764,-11.628050208163124,colored,5.0,42
284000,0.1969427631828548,-7.056599730526665,impulsive,5.0,42
288000,0.1102433341020797,-9.576476608149543,impulsive,20.0,42
288000,0.01265562974519012,-18.977162394041333,impulsive,10.0,42
288000,0.1494823216266539,-8.254101656909489,colored,0.0,42
288000,0.13944862611403727,-8.55585760161627,impulsive,20.0,42
292000,0.039281610296278205,-14.058107171965027,colored,5.0,42
292000,0.0076159081853891235,-21.182783002308454,impulsive,20.0,42
292000,0.013857792408881863,-18.583059486973756,time_varying,20.0,42
292000,0.045493953067425014,-13.42046324739327,impulsive,15.0,42
296000,0.0027549574097377036,-25.598851105779204,colored,20.0,42
296000,0.2628680788732279,-5.80262148813664,time_varying,10.0,42
296000,0.059536201358467884,-12.252188784775079,time_varying,0.0,42
296000,0.01765274465010968,-17.531877608618956,impulsive,20.0,42
300000,0.018023720571326077,-17.441555542423682,time_varying,10.0,42
300000,0.003336324807271799,-24.767316751885787,gaussian,15.0,42
300000,0.042431920510808324,-13.723073111792921,impulsive,5.0,42
300000,0.7923443591057134,-1.0108602957639454,colored,20.0,42
304000,0.12160496675425259,-9.150486866558143,gaussian,0.0,42
304000,0.16456759269565832,-7.836556836967045,impulsive,10.0,42
304000,0.12332475367053693,-9.089497433233447,colored,0.0,42
304000,0.037939470384774784,-14.209087359181243,impulsive,5.0,42
308000,0.2411352054445964,-6.1773937852932885,colored,0.0,42
308000,0.10390112628836022,-9.833797446603104,impulsive,0.0,42
308000,0.08041843380744888,-10.946443892655838,impulsive,5.0,42
308000,0.04098894508699393,-13.873332587598235,time_varying,15.0,42
312000,0.13748490867879234,-8.61744970464909,time_varying,20.0,42
312000,0.06275323917765406,-12.023638519806623,time_varying,15.0,42
312000,0.7604123584218119,-1.1895083348042739,colored,0.0,42
312000,0.018781766204915087,-17.262635698220123,time_varying,5.0,42
316000,0.004960818298965173,-23.044466795890134,time_varying,5.0,42
316000,0.008615640421203127,-20.64712434815891,time_varying,10.0,42
316000,0.08177065402056209,-10.874025286411978,time_varying,20.0,42
316000,5.6908150814544,7.551744737811773,impulsive,0.0,42
320000,0.19462326187378204,-7.1080525296749295,gaussian,0.0,42
320000,0.00758118377830363,-21.202629752810086,colored,10.0,42
320000,0.003371457164307922,-24.721823537060356,colored,20.0,42
320000,0.06311075019976568,-11.998966573134766,impulsive,0.0,42
324000,0.043094069103368784,-13.655824962542018,impulsive,5.0,42
324000,0.10931066460857278,-9.613374651761188,impulsive,5.0,42
324000,0.009319455519349547,-20.30609460115457,impulsive,15.0,42
324000,0.13623144571396456,-8.657226345362382,colored,5.0,42
328000,0.12467326103893235,-9.042266806674784,impulsive,5.0,42
328000,0.02733217303433282,-15.633258384962428,gaussian,5.0,42
328000,0.07316484746374087,-11.356975284902248,impulsive,15.0,42
328000,0.0029009890564643676,-25.374539093537667,impulsive,20.0,42
332000,0.12182153650570504,-9.14275927144767,time_varying,15.0,42
332000,0.1522066077716931,-8.175664930521373,time_varying,5.0,42
332000,0.08266136829563396,-10.826974101024664,time_varying,0.0,42
332000,0.003482062198497168,-24.581634754193963,impulsive,15.0,42
336000,0.030071134300847135,-15.2185018973314,colored,20.0,42
336000,0.026099078092131918,-15.83374833126735,time_varying,20.0,42
336000,0.010716630543872244,-19.699417413028833,gaussian,15.0,42
336000,0.07583185950559292,-11.20148294355639,gaussian,15.0,42
340000,0.0014567214160430852,-28.36623494632869,time_varying,0.0,42
340000,0.013332165904723994,-18.75099290609157,gaussian,15.0,42
340000,0.16210871374779565,-7.901936401094854,impulsive,5.0,42
340000,0.3580356645576071,-4.460737103685902,gaussian,0.0,42
344000,0.03131873828661666,-15.041957423281168,time_varying,5.0,42
344000,0.0007723496058133528,-31.121860702070492,time_varying,0.0,42
344000,0.0016815433210249273,-27.74291939366885,impulsive,15.0,42
344000,0.015209472703348591,-18.17885842196923,colored,10.0,42
348000,0.23012568717634008,-6.380349016410792,colored,10.0,42
348000,0.011753982077977005,-19.298149757798072,impulsive,15.0,42
348000,0.006760400499496223,-21.700275747679406,time_varying,15.0,42
348000,0.3694447165850632,-4.32450539888611,impulsive,0.0,42
352000,0.08420035836659227,-10.74686060083051,colored,0.0,42
352000,0.3296877151282716,-4.818972352983649,gaussian,0.0,42
352000,0.09264208863490893,-10.331916622433155,colored,0.0,42
352000,0.031129858848337046,-15.068228485141766,colored,5.0,42
356000,0.03411722528365486,-14.670262967473144,gaussian,5.0,42
356000,0.09549503008425933,-10.20019230120046,time_varying,10.0,42
356000,0.035989045788410674,-14.438296680424838,gaussian,15.0,42
356000,0.07563048215412257,-11.213031309057337,gaussian,0.0,42
360000,0.18726951556339647,-7.27532912959377,time_varying,10.0,42
360000,0.06361372116716577,-11.964491990543076,time_varying,15.0,42
360000,0.022099895829727212,-16.556097733848883,time_varying,5.0,42
360000,0.013406599380580933,-18.726813680920653,colored,10.0,42
364000,0.02900525640518065,-15.37523291020477,impulsive,20.0,42
364000,0.0037081059317386304,-24.308478674761147,time_varying,20.0,42
364000,0.017574704142093486,-17.55111977267082,time_varying,0.0,42
364000,0.0019219096047166735,-27.16267042610057,time_varying,15.0,42
368000,0.006016053388296342,-22.206883182651662,impulsive,20.0,42
368000,0.019692471837379794,-17.05699766929866,gaussian,15.0,42
368000,0.010657324070095179,-19.723518278652737,impulsive,10.0,42
368000,0.16441587142223743,-7.840562613772988,gaussian,5.0,42
372000,0.0039154485632850195,-24.072184768156376,impulsive,15.0,42
372000,0.07345825242607083,-11.339594077400804,impulsive,0.0,42
372000,0.2209590235878462,-6.556882578952099,gaussian,0.0,42
372000,0.3573086921310659,-4.469564187287778,colored,0.0,42
376000,0.13261814032573116,-8.773970663915978,impulsive,0.0,42
376000,0.05118297961220452,-12.908744352931812,gaussian,5.0,42
376000,0.1617374252898985,-7.911894747338448,colored,10.0,42
376000,0.015280648123709465,-18.158582248823553,colored,5.0,42
380000,0.002884679295481929,-25.399024624077768,time_varying,5.0,42
380000,0.035999646412856884,-14.437017648234061,gaussian,10.0,42
380000,9.756026579206056,9.892729748302164,time_varying,15.0,42
380000,0.12889738351972396,-8.89755898271458,colored,0.0,42
384000,0.06311464740679552,-11.99869839643808,time_varying,15.0,42
384000,0.009212157724259297,-20.356386349041415,time_varying,5.0,42
384000,0.011699778019110945,-19.31822378044902,impulsive,20.0,42
384000,0.014491848177774956,-18.388762244212195,time_varying,5.0,42
388000,0.05201365021531443,-12.83882667217741,gaussian,0.0,42
388000,0.013417086733030754,-18.72341772742554,time_varying,5.0,42
388000,0.0480977321638351,-13.178754003728857,time_varying,20.0,42
388000,0.03572257276486155,-14.470572704503395,impulsive,5.0,42
392000,12.89783227434402,11.105167249970389,colored,0.0,42
392000,0.006199172599127837,-22.07666271659467,gaussian,10.0,42
392000,0.023704512830049124,-16.251689657599677,time_varying,15.0,42
392000,0.015076678895014716,-18.216943146985138,time_varying,15.0,42
396000,0.05859326387663882,-12.321523093902018,impulsive,20.0,42
396000,0.013727889440825296,-18.623962270914177,gaussian,20.0,42
396000,0.1378880594102729,-8.604733404689712,impulsive,5.0,42
396000,2.417319572019094,3.8333406835986974,gaussian,5.0,42
400000,0.009722495551482885,-20.12222246846749,impulsive,10.0,42
400000,0.011616607076911532,-19.349207000446512,gaussian,10.0,42
400000,0.024140878443139918,-16.172469307381967,gaussian,5.0,42
400000,0.02035346531323517,-16.91361638589731,impulsive,20.0,42
404000,0.05950101289007901,-12.254756411746069,colored,20.0,42
404000,0.06869084598844419,-11.631011348641419,gaussian,10.0,42
404000,0.004329699224009732,-23.635422721121266,colored,15.0,42
404000,0.020548992073082292,-16.87209475364531,impulsive,10.0,42
408000,0.060081052473299826,-12.212624681514042,colored,5.0,42
408000,0.0959210732845262,-10.180859704495147,gaussian,10.0,42
408000,0.006935632503596774,-21.589139266988056,time_varying,10.0,42
408000,0.005918299880574559,-22.278030328196184,gaussian,15.0,42
412000,0.030265285971757996,-15.190552181398642,impulsive,15.0,42
412000,0.005672646589207383,-22.46214272438076,gaussian,20.0,42
412000,0.013752611152104669,-18.61614836253861,time_varying,20.0,42
412000,0.13088861124965107,-8.830981402038132,impulsive,5.0,42
416000,0.003944335566594293,-24.0402614419861,time_varying,5.0,42
416000,0.25806721728091053,-5.882671611199335,impulsive,0.0,42
416000,0.015269997110023869,-18.161610451090347,time_varying,0.0,42
416000,0.13247684886743732,-8.778600106869522,impulsive,0.0,42
420000,0.0556100373407662,-12.54846813297177,impulsive,5.0,42
420000,0.015314714995430204,-18.148910809096055,colored,5.0,42
420000,0.031613161446751886,-15.001320707324432,gaussian,5.0,42
420000,0.35316028312895625,-4.520281436770695,time_varying,20.0,42
424000,0.002627281072730818,-25.804934627143318,time_varying,20.0,42
424000,0.09828532450055283,-10.075113241190403,impulsive,10.0,42
424000,0.025501207110641067,-15.934392615457726,impulsive,5.0,42
424000,0.009811257542377057,-20.0827532400157,gaussian,20.0,42
428000,0.019538796136782877,-17.091021983871723,impulsive,5.0,42
428000,0.04076533041303177,-13.89709033251414,time_varying,5.0,42
428000,0.004870537183610015,-23.124231366404004,colored,20.0,42
428000,0.25131720024481596,-5.9977778710891405,gaussian,0.0,42
432000,0.0055357705069128205,-22.568219223831242,gaussian,20.0,42
432000,0.3376012531486633,-4.715959499759629,gaussian,0.0,42
432000,0.0036402321778820344,-24.38870915584035,impulsive,15.0,42
432000,0.004742170099123359,-23.240228720744017,gaussian,15.0,42
436000,0.14633979866032934,-8.346375468175486,colored,5.0,42
436000,0.03414503087502313,-14.666724902297933,gaussian,10.0,42
436000,0.003967405931479627,-24.014933616088634,colored,15.0,42
436000,0.2396201197169104,-6.2047671918916505,colored,0.0,42
440000,0.037808830923243324,-14.224067511219804,time_varying,5.0,42
440000,0.0051721344787011405,-22.863301916352526,impulsive,20.0,42
440000,0.0012112763188794685,-29.16756773033662,impulsive,20.0,42
440000,0.005381396817584534,-22.691049823509264,gaussian,15.0,42
444000,0.012814075838780059,-18.923127099757707,impulsive,20.0,42
444000,0.013701212329046223,-18.632410032848334,colored,10.0,42
444000,0.3133809368666783,-5.039274254327715,colored,5.0,42
444000,0.0029982469460338645,-25.231325998675448,time_varying,0.0,42
448000,0.001230345623012916,-29.099728710674945,gaussian,20.0,42
448000,0.023669124281579863,-16.258178099322933,impulsive,10.0,42
448000,0.023563132420038203,-16.277669760774515,colored,15.0,42
448000,0.17103875478932218,-7.669054739083352,time_varying,20.0,42
452000,0.06602059328085952,-11.803205772810767,time_varying,0.0,42
452000,0.011372142507504936,-19.441577066434377,impulsive,5.0,42
452000,0.0021480930434490697,-26.67946911140247,colored,20.0,42
452000,0.0030631846434252736,-25.13826823749062,colored,20.0,42
456000,0.02603499682024176,-15.844424710137258,gaussian,5.0,42
456000,0.03444952506208479,-14.628167610975263,gaussian,0.0,42
456000,0.04742116903764327,-13.240277438885393,time_varying,0.0,42
456000,0.012008142370081814,-19.205241716468088,impulsive,15.0,42
460000,0.24533709935675205,-6.102367737337787,time_varying,15.0,42
460000,0.0422831798512432,-13.738323595776363,time_varying,20.0,42
460000,0.0020411098600156977,-26.90133619120852,time_varying,5.0,42
460000,0.07348865620314066,-11.337796939519937,gaussian,5.0,42
464000,0.028295682368639448,-15.482798282953373,gaussian,5.0,42
464000,0.03135586759260343,-15.036811781161328,gaussian,20.0,42
464000,0.0032613568856034226,-24.866016742385636,time_varying,15.0,42
464000,0.0038888562591261806,-24.10178108945032,impulsive,20.0,42
468000,0.42058899703329844,-3.761420930139235,colored,5.0,42
468000,0.04247562948939076,-13.718601761510339,gaussian,10.0,42
468000,0.004552622292693163,-23.417383792479775,time_varying,0.0,42
468000,0.012421311896366556,-19.058325330081885,time_varying,20.0,42
472000,0.016736315337709175,-17.76340149939305,time_varying,10.0,42
472000,0.002771294546579342,-25.57317312691206,colored,20.0,42
472000,0.01022519494458054,-19.903284033223,time_varying,5.0,42
472000,0.009530107378890441,-20.209022059481207,colored,10.0,42
476000,0.02318786276098536,-16.347392786777036,colored,15.0,42
476000,0.08797896627860347,-10.556211451291201,colored,0.0,42
476000,0.0462923070113178,-13.344911752821474,impulsive,5.0,42
476000,0.019472157244071364,-17.105859320068276,time_varying,5.0,42
480000,0.2738006476319326,-5.625655289446283,gaussian,5.0,42
480000,0.02446505216528419,-16.114538538666338,colored,5.0,42
480000,0.18816663770367625,-7.254573753038498,time_varying,20.0,42
480000,0.19864347881568387,-7.019256876457002,time_varying,10.0,42
484000,0.015112663977590706,-18.206589738326944,gaussian,15.0,42
484000,0.00939431875768792,-20.271347078540074,gaussian,10.0,42
484000,0.02215745426980132,-16.544801383323,gaussian,15.0,42
484000,0.00923358599487984,-20.34629601707731,impulsive,10.0,42
488000,0.09642715256865145,-10.158006574794262,gaussian,5.0,42
488000,0.01065446086169295,-19.724685215745026,impulsive,10.0,42
488000,0.01365975953030896,-18.645569459798757,impulsive,15.0,42
488000,0.00501390187595692,-22.998241695228245,gaussian,15.0,42
492000,0.07347601699886937,-11.338543940355517,colored,10.0,42
492000,0.012788621260552368,-18.931762741902848,colored,20.0,42
492000,0.038832765092580775,-14.108016843411743,impulsive,5.0,42
492000,0.007899766838337367,-21.02385726669496,impulsive,20.0,42
496000,0.026737609831668053,-15.728774184232694,gaussian,5.0,42
496000,0.07705423346550629,-11.132034955486086,colored,0.0,42
496000,0.020523098236813517,-16.877570760155493,impulsive,5.0,42
496000,0.008530614947447975,-20.69019660615448,colored,15.0,42
500000,0.0026440371177047827,-25.777324522365078,colored,20.0,42
500000,0.04765960323875083,-13.218495774218766,impulsive,10.0,42
500000,3.7464738575428735,5.736227064886239,impulsive,5.0,42
500000,0.002012644415099108,-26.962329473006154,impulsive,20.0,42
504000,0.014779335766329806,-18.303450841459107,gaussian,20.0,42
504000,0.0091616459428949,-20.380264957496145,time_varying,0.0,42
504000,0.02059694756633038,-16.86197136567246,time_varying,5.0,42
504000,0.012214868704793717,-19.13111196775337,impulsive,10.0,42
508000,0.12930749710213577,-8.883762944844001,impulsive,0.0,42
508000,0.038417583578027506,-14.154699552290841,time_varying,20.0,42
508000,0.00810648741339345,-20.91167287219354,colored,15.0,42
508000,0.0024516925299605417,-26.105339960133435,gaussian,20.0,42
512000,0.01447872376258184,-18.392697176182367,gaussian,10.0,42
512000,0.14946702270214485,-8.254546162885177,impulsive,20.0,42
512000,0.0072591693431377285,-21.391130721231235,time_varying,20.0,42
512000,0.7359801227791424,-1.3313391485200132,impulsive,0.0,42
516000,0.021356145064596675,-16.704771377778776,gaussian,10.0,42
516000,0.042640324355756556,-13.701795003742195,time_varying,10.0,42
516000,0.01663406187830987,-17.79001687258497,impulsive,5.0,42
516000,0.027974703916430713,-15.532345013217395,time_varying,5.0,42
520000,0.0053497009404258195,-22.71670495197224,impulsive,10.0,42
520000,0.16542637288722692,-7.813952524207604,colored,0.0,42
520000,0.019608959732360574,-17.075454452942072,impulsive,5.0,42
520000,0.06725601815809724,-11.722688483315462,colored,10.0,42
524000,0.016000183912789352,-17.958750253262746,time_varying,5.0,42
524000,0.05348286511356755,-12.717853353270876,time_varying,0.0,42
524000,0.20204560234140015,-6.945505978281812,impulsive,0.0,42
524000,0.14742742639196457,-8.31421715777364,colored,0.0,42
528000,0.07266936115870351,-11.386486576963105,impulsive,0.0,42
528000,0.08319438505258933,-10.799059840762391,time_varying,0.0,42
528000,0.040757363618785084,-13.89793915990676,colored,0.0,42
528000,0.06167563749136546,-12.098863528558878,time_varying,0.0,42
532000,0.03797080093712503,-14.205502419610877,gaussian,15.0,42
532000,0.0023878164933840026,-26.219990521401048,impulsive,15.0,42
532000,0.2230563420345094,-6.515854241960946,time_varying,10.0,42
532000,0.5383981280717832,-2.688964587563568,colored,0.0,42
536000,0.05029437206930467,-12.984806096867699,time_varying,5.0,42
536000,0.058640335112043966,-12.318035564888596,time_varying,10.0,42
536000,0.0057905692590888925,-22.372787394914262,colored,20.0,42
536000,0.006827143045553916,-21.65760997444473,gaussian,15.0,42
540000,0.08353069875064227,-10.781538856154135,gaussian,5.0,42
540000,0.0009041699940290598,-30.43749909168042,gaussian,20.0,42
540000,0.015080414868737773,-18.215867106440008,time_varying,15.0,42
540000,0.02689712222918147,-15.702941834328747,impulsive,10.0,42
544000,0.07835110183910485,-11.059548917325607,impulsive,10.0,42
544000,0.02096260596934033,-16.78554728931226,gaussian,20.0,42
544000,0.07013752217976701,-11.540495809442241,time_varying,15.0,42
544000,0.40752754490869053,-3.8984303183689772,colored,0.0,42
548000,0.009297515814684326,-20.316330742049576,colored,10.0,42
548000,0.08778640588263753,-10.565727313241673,time_varying,20.0,42
548000,6.254174889093411,7.961700215034405,colored,0.0,42
548000,0.011792481201638274,-19.283948073525153,colored,20.0,42
552000,0.029050664781264366,-15.368439249615786,colored,15.0,42
552000,0.0012309511549356365,-29.097591795044924,time_varying,15.0,42
552000,0.007346375176291632,-21.339268961286454,impulsive,20.0,42
552000,0.002505453662575335,-26.01113624787251,impulsive,20.0,42
556000,0.023464165959598837,-16.29594878278553,time_varying,10.0,42
556000,0.17271522702263278,-7.6266937221354425,gaussian,0.0,42
556000,0.003828813725032549,-24.169357618121495,colored,15.0,42
556000,0.001228520122890943,-29.106177251234936,colored,20.0,42
560000,0.010964440851647307,-19.60013510890388,impulsive,5.0,42
560000,0.03042790038994919,-15.16728014125048,gaussian,10.0,42
560000,0.08980482925224256,-10.467003085259883,time_varying,15.0,42
560000,2.1847208877396915,3.393959609142929,gaussian,0.0,42
564000,0.027685987425227637,-15.577399826770744,gaussian,15.0,42
564000,0.011390253334997845,-19.434666164650267,gaussian,20.0,42
564000,0.07343549381755986,-11.340939803604106,gaussian,0.0,42
564000,0.0551216322050828,-12.58677931020605,colored,0.0,42
568000,0.012584341996539614,-19.001694876490706,impulsive,10.0,42
568000,0.13020047809530835,-8.853874210350517,time_varying,0.0,42
568000,0.023615459577914635,-16.26803598228527,time_varying,5.0,42
568000,0.10068746932462065,-9.970245745442496,impulsive,0.0,42
572000,0.05679284655595705,-12.457063631707934,gaussian,10.0,42
572000,0.015145435902718987,-18.197182226377958,gaussian,15.0,42
572000,0.05335058584912274,-12.72860807165874,time_varying,20.0,42
572000,0.12440156007505808,-9.051741732772339,gaussian,5.0,42
576000,0.02246923770079821,-16.484116613378088,time_varying,5.0,42
576000,0.05881090655337066,-12.30542126013262,time_varying,20.0,42
576000,0.008122847475144936,-20.9029170149796,time_varying,10.0,42
576000,0.008618291509118069,-20.645788201693783,gaussian,10.0,42
580000,0.025602348194881025,-15.917202002449969,gaussian,5.0,42
580000,0.05709241377000793,-12.434215953666033,colored,5.0,42
580000,0.02099678474356233,-16.77847204056677,gaussian,15.0,42
580000,0.010957816663932047,-19.602759700150543,impulsive,15.0,42
584000,0.0494509881858325,-13.0582502540552,gaussian,10.0,42
584000,0.044935780803722014,-13.47407707601112,time_varying,5.0,42
584000,2.507212996418792,3.991912303445098,impulsive,0.0,42
584000,0.04213891874735428,-13.753166122411551,gaussian,10.0,42
588000,0.0032483796891975177,-24.883332135071736,colored,20.0,42
588000,0.008880732706526642,-20.515512011461436,time_varying,5.0,42
588000,0.16950140424885501,-7.70826699493719,colored,5.0,42
588000,0.035409245899519604,-14.508833221752543,impulsive,5.0,42
592000,0.0048300129387342655,-23.16051705760359,impulsive,20.0,42
592000,0.007660257416294147,-21.15756635976798,time_varying,5.0,42
592000,0.06417802498137291,-11.926136520341423,impulsive,5.0,42
592000,0.3630547803798199,-4.40027840467608,colored,0.0,42
596000,0.01920923437514281,-17.16489944500236,gaussian,20.0,42
596000,0.051839613962290185,-12.85338241208395,gaussian,10.0,42
596000,0.036675159424560816,-14.356279896185352,colored,5.0,42
596000,1.8252656450784874,2.6132607963991514,impulsive,0.0,42
600000,0.3445186452861134,-4.627872691810751,impulsive,0.0,42
600000,0.03352086395308706,-14.746847965555643,impulsive,5.0,42
600000,0.004321470456275886,-23.643684516066152,time_varying,5.0,42
600000,0.21211223910225926,-6.734342715039258,impulsive,5.0,42
604000,0.005541143694822292,-22.564005873435235,time_varying,20.0,42
604000,1.1876096879631113,0.7467373170961942,impulsive,0.0,42
604000,0.2027405679924649,-6.93059341129997,time_varying,10.0,42
604000,0.019941156275977683,-17.002496629676024,gaussian,10.0,42
608000,0.6692106290366534,-1.7443716977817012,impulsive,5.0,42
608000,0.059906512756232586,-12.225259605693813,colored,5.0,42
608000,0.12945215226989673,-8.878907245909968,impulsive,0.0,42
608000,0.11954400360090248,-9.224722034705664,time_varying,5.0,42
612000,0.0030596602538410407,-25.143267949692184,impulsive,15.0,42
612000,0.28470572386299164,-5.456038014952709,impulsive,20.0,42
612000,0.07022081730191634,-11.535341200703119,impulsive,5.0,42
612000,0.000983356775676767,-30.07288884985573,colored,20.0,42
616000,0.11442990027866864,-9.414604805274788,time_varying,15.0,42
616000,0.023323082773754677,-16.322140463838807,time_varying,10.0,42
616000,0.2621604851145769,-5.814327679835415,gaussian,0.0,42
616000,0.0021374913274394606,-26.70095638479804,colored,20.0,42
620000,0.002610008916748186,-25.833580087834772,colored,15.0,42
620000,0.0328921963039964,-14.829071264779898,colored,15.0,42
620000,0.03742904524681959,-14.267912508682638,impulsive,5.0,42
620000,0.010822139262020749,-19.65686881716291,impulsive,15.0,42
624000,0.019628811225854647,-17.071060016353744,colored,5.0,42
624000,0.006128445226469315,-22.126496910240796,gaussian,20.0,42
624000,0.5468445596802957,-2.6213610413488486,gaussian,5.0,42
624000,0.004609455973740469,-23.36350328647282,gaussian,15.0,42
628000,0.021791075946363824,-16.617213256754205,colored,10.0,42
628000,0.003364243895512024,-24.73112526824867,impulsive,20.0,42
628000,0.0020885571411500994,-26.80153638100089,colored,20.0,42
628000,0.12861575191084537,-8.907058389587561,time_varying,0.0,42
632000,0.0024770412431764496,-26.06066762098411,colored,20.0,42
632000,0.0191571324773659,-17.176694974507075,impulsive,15.0,42
632000,0.11691951948886758,-9.321129781531901,gaussian,0.0,42
632000,0.011032920101955486,-19.57309526838233,impulsive,15.0,42
636000,0.15775795415497937,-8.020087344041958,gaussian,0.0,42
636000,0.008042923408470546,-20.94586066943695,time_varying,10.0,42
636000,0.1127177593382995,-9.480076529385325,time_varying,10.0,42
636000,0.010812357361307468,-19.660796087452916,time_varying,15.0,42
640000,0.02781171725475457,-15.55772194462956,time_varying,20.0,42
640000,0.1898368171458898,-7.216195562231361,time_varying,10.0,42
640000,0.003241988394813562,-24.89188543973363,colored,20.0,42
640000,0.025578743463821864,-15.921207937001192,gaussian,5.0,42
644000,0.0020436199317340974,-26.89599870016878,colored,20.0,42
644000,0.8519051326070468,-0.6960876518490979,colored,5.0,42
644000,1.8424601990533631,2.6539811497463717,impulsive,5.0,42
644000,0.3579033902418597,-4.462341877323965,gaussian,0.0,42
648000,0.047580200515844905,-13.225737320512586,colored,5.0,42
648000,0.1868643901601571,-7.284734521255939,time_varying,5.0,42
648000,1.1480696001702837,0.5996821737735096,colored,0.0,42
648000,0.014874862837264774,-18.27547030228615,impulsive,15.0,42
652000,0.0008799534614501649,-30.55540295503841,impulsive,20.0,42
652000,0.06971910948701916,-11.566481687064684,impulsive,15.0,42
652000,0.00929335014723362,-20.318276995033244,impulsive,20.0,42
652000,0.039918633379990964,-13.988243352517483,colored,5.0,42
656000,0.02666373564084956,-15.740790051476734,colored,5.0,42
656000,0.006769579025243162,-21.694383375577125,colored,15.0,42
656000,0.09450799346806199,-10.24531457388192,impulsive,0.0,42
656000,0.02796302214526228,-15.534158933513433,impulsive,15.0,42
660000,0.29538333285199503,-5.296140136083145,gaussian,0.0,42
660000,0.012113427710539512,-19.167329480568533,colored,15.0,42
660000,0.003277966880651403,-24.84395438559511,gaussian,20.0,42
660000,0.03072286015075008,-15.125383560135193,time_varying,20.0,42
664000,0.2883257505743395,-5.401165687343546,colored,0.0,42
664000,0.06525459181800346,-11.853889225875403,time_varying,15.0,42
664000,0.12060359095757466,-9.18639760933214,gaussian,0.0,42
664000,0.003776667533837906,-24.22891245021684,gaussian,20.0,42
668000,0.7920063652620841,-1.0127132802221774,time_varying,10.0,42
668000,0.005271982157913053,-22.78026068121695,colored,20.0,42
668000,0.11208122975101023,-9.504671126296495,time_varying,15.0,42
668000,0.27357726945041433,-5.629199894150579,colored,0.0,42
672000,0.27353691750938197,-5.6298405145466095,colored,0.0,42
672000,0.0026781822706490447,-25.721598691172858,impulsive,20.0,42
672000,0.03215636496680479,-14.92733050833074,gaussian,10.0,42
672000,0.008432840108837698,-20.74026133999174,impulsive,15.0,42
676000,0.08300577928544135,-10.808916687705246,time_varying,5.0,42
676000,1.4203035848636998,1.523811832139006,impulsive,0.0,42
676000,0.01194891135671742,-19.226716606466375,time_varying,15.0,42
676000,0.0936059504728851,-10.286965425457472,impulsive,5.0,42
680000,0.03473650519745999,-14.592138775806978,gaussian,5.0,42
680000,0.012829094188640908,-18.918040063162685,colored,10.0,42
680000,0.009906743802172074,-20.040690680872252,impulsive,10.0,42
680000,0.0862226093243442,-10.643788383778482,gaussian,0.0,42
684000,0.0015529934417838778,-28.088303779924914,gaussian,20.0,42
684000,0.0040633509181072685,-23.91115669514393,colored,20.0,42
684000,0.05305145631080886,-12.753026898116222,time_varying,0.0,42
684000,0.018303694699936948,-17.374612367028575,colored,15.0,42
688000,0.011505288065007082,-19.391025031221428,impulsive,20.0,42
688000,0.04074308668624444,-13.899460720354826,gaussian,5.0,42
688000,0.0010143986682058317,-29.937913292148494,impulsive,20.0,42
688000,0.017593209961676407,-17.546549142723535,gaussian,10.0,42
692000,0.09299006255808423,-10.315634601164925,colored,10.0,42
692000,0.009228905446250626,-20.348498034602148,impulsive,10.0,42
692000,0.04597040833520267,-13.375216385735545,colored,0.0,42
692000,0.07102245600349513,-11.486043135782335,colored,0.0,42
696000,0.013970352281766473,-18.547926423802675,gaussian,15.0,42
696000,0.0564360558909115,-12.484433450989753,gaussian,0.0,42
696000,0.0034090530015742394,-24.673662464840525,impulsive,15.0,42
696000,0.028482884014335137,-15.454160386119893,colored,0.0,42
700000,0.006068182719355374,-22.169413505538422,colored,15.0,42
700000,0.030036142665952652,-15.223558415087833,time_varying,10.0,42
700000,0.014979299769645411,-18.245084878950696,time_varying,15.0,42
700000,0.06495519392716421,-11.873861162744923,colored,10.0,42
704000,0.007290556035792339,-21.37239347607723,impulsive,15.0,42
704000,0.001890587287123957,-27.234032665291966,impulsive,20.0,42
704000,0.0013318428066960881,-28.75547030254846,colored,20.0,42
704000,0.008719335832790168,-20.595165947354758,impulsive,10.0,42
708000,0.007448607877618823,-21.279248879400974,colored,10.0,42
708000,0.00435287303053623,-23.61224000544737,gaussian,15.0,42
708000,0.6282744794223315,-2.0185058101416495,impulsive,0.0,42
708000,0.18368720888730397,-7.359210848626093,impulsive,5.0,42
712000,0.0036709504323933916,-24.352214794701528,gaussian,20.0,42
712000,0.07956828349992058,-10.992600107226224,impulsive,10.0,42
712000,0.001927939721230163,-27.14906548603341,gaussian,20.0,42
712000,0.03129644911401583,-15.045049345697166,impulsive,5.0,42
716000,0.0025312973681755873,-25.966568322396437,colored,20.0,42
716000,0.06249160686206055,-12.04178308061216,colored,5.0,42
716000,0.008923084566744986,-20.494849910069483,gaussian,15.0,42
716000,0.044877831406195653,-13.479681372831593,time_varying,0.0,42
720000,0.002637843251708684,-25.787510148951164,gaussian,20.0,42
720000,0.0015940028922170545,-27.9751089466697,impulsive,20.0,42
720000,0.12424256268972143,-9.05729599206729,impulsive,0.0,42
720000,6.041947865061669,7.811769735004388,colored,0.0,42
724000,0.014764313214453541,-18.30786750099231,gaussian,5.0,42
724000,0.00317436314416848,-24.983433917206213,impulsive,15.0,42
724000,0.0037704930884575345,-24.236018508479695,impulsive,10.0,42
724000,0.2661633627826965,-5.748517251044527,time_varying,5.0,42
728000,0.021811212029557082,-16.613202003746526,time_varying,15.0,42
728000,0.042666680597070406,-13.699111432671664,colored,15.0,42
728000,0.653507543603942,-1.8474939488207314,impulsive,5.0,42
728000,0.02107393451797488,-16.7625437372468,impulsive,5.0,42
732000,0.001262088252286872,-28.989102753807906,impulsive,20.0,42
732000,0.004086888351103464,-23.8860722642535,gaussian,15.0,42
732000,0.0022199958524471695,-26.53647836732557,colored,20.0,42
732000,0.23354211075882755,-6.3163479894499925,colored,0.0,42
736000,0.019969300720468434,-16.99637142847115,colored,15.0,42
736000,0.03258409351325279,-14.86994356523038,time_varying,0.0,42
736000,0.01828859979611504,-17.378195434937545,time_varying,0.0,42
736000,0.027968550204129337,-15.533300453993375,gaussian,5.0,42
740000,0.0029292742917142213,-25.33239959750715,gaussian,20.0,42
740000,0.004932116746852454,-23.06966651794879,time_varying,15.0,42
740000,0.015161327094750071,-18.192627825340423,colored,10.0,42
740000,0.16594924571379413,-7.800247172393915,colored,5.0,42
744000,0.007365270574933817,-21.328112939705008,gaussian,10.0,42
744000,0.08844844960289877,-10.533097753531592,impulsive,0.0,42
744000,0.1246310142644686,-9.043738706118223,time_varying,20.0,42
744000,0.16158822294364922,-7.915902951489043,colored,0.0,42
748000,0.005968180219460921,-22.24158070996186,gaussian,10.0,42
748000,0.01410203148404195,-18.507183200259657,impulsive,10.0,42
748000,0.008272046993950202,-20.82387006939981,time_varying,5.0,42
748000,0.0037212845597110727,-24.293071189004326,impulsive,10.0,42
752000,0.007423165964365244,-21.29410829486847,colored,20.0,42
752000,0.014228162099526426,-18.46851195569255,time_varying,10.0,42
752000,0.11821059349907155,-9.273436021986548,colored,0.0,42
752000,0.3590007807895443,-4.449046068738921,time_varying,10.0,42
756000,0.06781806972920902,-11.686545754757859,impulsive,10.0,42
756000,0.012479015285873007,-19.038196832713762,colored,10.0,42
756000,0.0026450617583655576,-25.775641831983474,colored,20.0,42
756000,0.003910078832603036,-24.078144864267298,time_varying,0.0,42
760000,0.0029687832920962443,-25.27421502655678,colored,15.0,42
760000,0.0467970100350183,-13.297818940698987,colored,10.0,42
760000,0.00504437448520276,-22.97192679582244,time_varying,0.0,42
760000,0.0024617017248981824,-26.087645698628805,gaussian,15.0,42
764000,0.001294929034073655,-28.8775403121238,impulsive,20.0,42
764000,0.007362404262953321,-21.329803394587795,time_varying,15.0,42
764000,0.20340457771147094,-6.916392773085818,impulsive,0.0,42
764000,0.3305577074450175,-4.807527121613104,colored,0.0,42
768000,0.008580857585934564,-20.66469305780505,impulsive,10.0,42
768000,0.0032841425457859424,-24.835780007794547,gaussian,20.0,42
768000,0.027972021115387227,-15.532761525779808,colored,5.0,42
768000,0.03484424036537958,-14.578689990242868,impulsive,5.0,42
772000,0.04565147119919044,-13.405452219888502,time_varying,0.0,42
772000,0.024475295728786654,-16.11272052005374,time_varying,5.0,42
772000,0.1506985906917566,-8.218908091135104,gaussian,0.0,42
772000,0.0059965111105149595,-22.221013572362992,gaussian,20.0,42
776000,0.01675705989507088,-17.758021780042238,impulsive,10.0,42
776000,0.0242357597842924,-16.15543360699315,impulsive,5.0,42
776000,0.02110674897208063,-16.755786549814108,impulsive,10.0,42
776000,0.050388145549230094,-12.97671624817919,time_varying,5.0,42
780000,0.02779009548380135,-15.561099610149602,impulsive,0.0,42
780000,0.06940342094620376,-11.58619122313484,gaussian,10.0,42
780000,0.0016417643330561569,-27.8468918324849,gaussian,20.0,42
780000,0.09594337906021208,-10.179849900415226,gaussian,5.0,42
784000,0.02266473752418471,-16.446493060349855,colored,5.0,42
784000,0.006185136302192136,-22.086507252875766,time_varying,10.0,42
784000,0.9636454281270427,-0.16082734700791942,impulsive,0.0,42
784000,0.0074338173496860645,-21.287881137492587,impulsive,10.0,42
788000,0.02784445670905653,-15.552612514724217,gaussian,5.0,42
788000,0.1811600833379208,-7.419374882009091,impulsive,0.0,42
788000,0.000601102677808959,-32.21051336597418,time_varying,20.0,42
788000,0.011855363826112011,-19.260851134966284,colored,10.0,42
792000,0.06621524743892791,-11.790419936939475,colored,0.0,42
792000,0.0029405058772519702,-25.31577948079715,impulsive,15.0,42
792000,0.03641211314233401,-14.38754116455806,colored,5.0,42
792000,0.010825095312918575,-19.655682710368005,time_varying,20.0,42
796000,0.0064071158138767305,-21.933374256402146,gaussian,15.0,42
796000,0.012760566079725482,-18.941300591350576,time_varying,20.0,42
796000,0.07690633638560015,-11.140378767867556,impulsive,0.0,42
796000,0.05329950624216791,-12.732768141790718,time_varying,5.0,42
800000,0.0011612455046130174,-29.35075953851902,time_varying,0.0,42
800000,0.03287559007973583,-14.831264433232485,colored,10.0,42
800000,0.0019631957381856216,-27.070363971854192,impulsive,20.0,42
800000,0.015138117123070317,-18.199281389362334,impulsive,15.0,42
